NCS Header,Roll no,Center no,Test Code,Paper,Batch,Q1,Q2,Q3,Q4,Q5,Q6,Q7,Q8,Q9,Q10,Q11,Q12,Q13,Q14,Q15,Q16,Q17,Q18,Q19,Q20,Q21,Q22,Q23,Q24,Q25,Q26,Q27,Q28,Q29,Q30,Q31,Q32,Q33,Q34,Q35,Q36,Q37,Q38,Q39,Q40,Q41,Q42,Q43,Q44,Q45,Q46,Q47,Q48,Q49,Q50,Q51,Q52,Q53,Q54,Q55,Q56,Q57,Q58,Q59,Q60,Q61,Q62,Q63,Q64,Q65,Q66,Q67,Q68,Q69,Q70,Q71,Q72,Q73,Q74,Q75,Q76,Q77,Q78,Q79,Q80,Q81,Q82,Q83,Q84,Q85,Q86,Q87,Q88,Q89,Q90,Q91,Q92,Q93,Q94,Q95,Q96,Q97,Q98,Q99,Q100,Q101,Q102,Q103,Q104,Q105,Q106,Q107,Q108,Q109,Q110,Q111,Q112,Q113,Q114,Q115,Q116,Q117,Q118,Q119,Q120,Q121,Q122,Q123,Q124,Q125,Q126,Q127,Q128,Q129,Q130,Q131,Q132,Q133,Q134,Q135,Q136,Q137,Q138,Q139,Q140,Q141,Q142,Q143,Q144,Q145,Q146,Q147,Q148,Q149,Q150,Q151,Q152,Q153,Q154,Q155,Q156,Q157,Q158,Q159,Q160,Q161,Q162,Q163,Q164,Q165,Q166,Q167,Q168,Q169,Q170,Q171,Q172,Q173,Q174,Q175,Q176,Q177,Q178,Q179,Q180,Q181,Q182,Q183,Q184,Q185,Q186,Q187,Q188,Q189,Q190,Q191,Q192,Q193,Q194,Q195,Q196,Q197,Q198,Q199,Q200
Ghatkopar,1715546,T009,3052471,1,,B,,C,,,,,B,,,,B,,C,B,A,,D,C,D,A,,A,C,B,C,C,A,C,A,B,A,D,A,D,A,B,B,D,B,C,A,,D,,,C,D,C,,D,C,C,A,D,,C,,,D,B,A,B,A,B,D,C,A,,,C,,C,C,C,A,,A,,C,B,D,,,,,B,B,C,,,,,,,,,,,,,,,,,,,,,,,,,,,,,,,,,,,,,,,,,,,,,,,,,,,,,,,,,,,,,,,,,,,,,,,,,,,,,,,,,,,,,,,,,,,,,,,,,,,,,,,,,,,,,,,
Ghatkopar,1715530,T009,3052471,1,,B,,,,,,B,B,B,D,A,B,,C,A,A,B,B,C,D,B,,D,C,,A,D,,A,D,B,C,C,A,,,,A,,C,,B,,,,,D,,,,D,A,D,A,,D,,,,D,,A,B,A,B,C,B,A,C,A,C,,A,C,C,B,,A,,D,C,,,,,,B,,D,C,,,,,,,,,,,,,,,,,,,,,,,,,,,,,,,,,,,,,,,,,,,,,,,,,,,,,,,,,,,,,,,,,,,,,,,,,,,,,,,,,,,,,,,,,,,,,,,,,,,,,,,,,,,,,,
Ghatkopar,1715545,T009,3052471,1,,,B,,,,A,C,A,B,D,A,B,C,C,B,C,C,D,A,D,B,A,C,C,C,A,C,A,A,A,B,C,D,C,B,B,,C,C,B,C,A,C,D,A,D,,,C,,D,B,C,A,B,D,C,,C,D,,A,B,A,B,D,B,A,,A,,,A,C,A,A,,A,,D,A,,B,,,,B,B,D,A,,,,,,,,,,,,,,,,,,,,,,,,,,,,,,,,,,,,,,,,,,,,,,,,,,,,,,,,,,,,,,,,,,,,,,,,,,,,,,,,,,,,,,,,,,,,,,,,,,,,,,,,,,,,,,
Panvel,1722578,T016,3052471,1,,B,B,,C,,A,A,D,B,D,A,C,C,C,A,B,D,D,C,D,B,A,C,C,,A,C,A,B,,,A,D,D,B,B,B,C,,,B,C,C,D,,D,D,D,C,D,D,B,,,,D,C,,,B,B,A,B,A,B,C,B,A,,B,,,A,C,C,A,,A,,C,,A,A,,A,,B,A,,,,,,,,,,,,,,,,,,,,,,,,,,,,,,,,,,,,,,,,,,,,,,,,,,,,,,,,,,,,,,,,,,,,,,,,,,,,,,,,,,,,,,,,,,,,,,,,,,,,,,,,,,,,,,,,
Thane_Main,1723543,T007,3052471,1,,A,B,,D,A,,,C,,,,C,C,C,B,B,C,D,C,D,,,C,C,,,C,A,,,D,C,D,,B,,A,D,,A,C,,B,D,,A,,,C,,D,B,C,A,B,D,D,,,D,B,A,B,A,D,,C,B,C,D,,C,,,B,A,,,,,,,,,D,,,A,D,,,,,,,,,,,,,,,,,,,,,,,,,,,,,,,,,,,,,,,,,,,,,,,,,,,,,,,,,,,,,,,,,,,,,,,,,,,,,,,,,,,,,,,,,,,,,,,,,,,,,,,,,,,,,,,
Borivali,1712507,T002,3052471,1,,B,B,D,C,D,B,D,D,B,D,A,B,C,C,A,B,D,D,C,D,B,A,A,C,C,A,C,D,A,D,B,A,D,A,A,A,C,C,C,A,C,D,,D,,A,B,C,C,B,D,B,C,A,C,D,D,C,A,B,B,A,B,A,B,D,D,A,,B,,B,D,C,B,A,A,A,B,C,,A,B,,A,,B,B,C,,,,,,,,,,,,,,,,,,,,,,,,,,,,,,,,,,,,,,,,,,,,,,,,,,,,,,,,,,,,,,,,,,,,,,,,,,,,,,,,,,,,,,,,,,,,,,,,,,,,,,,,,,,,,,,
Matunga,1717525,T005,3052471,1,,C,,,,,,,D,,,,,,C,,A,B,,C,,,,,C,,B,C,,,,,,,D,,A,B,A,,,,,,,,,,,A,D,A,A,A,D,A,,,,,B,,A,,,,,,A,,,,,,,,,,,A,,,,,,,,,,C,,,,,,,,,,,,,,,,,,,,,,,,,,,,,,,,,,,,,,,,,,,,,,,,,,,,,,,,,,,,,,,,,,,,,,,,,,,,,,,,,,,,,,,,,,,,,,,,,,,,,,,,,,,,,,,
Matunga,1717524,T005,3052471,1,,,,,,D,B,,,C,,,,,,,A,C,,B,D,,,,C,,,C,,,C,,,,,,,,C,,B,A,C,,,,D,C,,,,,A,,C,,D,C,,,B,,A,,,,D,B,A,,,,,B,,A,A,,,,,,,,,A,B,,B,,,,,,,,,,,,,,,,,,,,,,,,,,,,,,,,,,,,,,,,,,,,,,,,,,,,,,,,,,,,,,,,,,,,,,,,,,,,,,,,,,,,,,,,,,,,,,,,,,,,,,,,,,,,,,,,
Matunga,1717522,T005,3052471,1,,C,,,,,,A,B,,,,B,,,B,D,,,,D,,A,C,C,,,D,,,,,,,A,,,,C,,B,C,,,,,,,D,,,D,,,C,B,,B,,,,,C,B,,,,,A,,B,,,,,,A,,,,,,,,,A,,,,D,,,,,,,,,,,,,,,,,,,,,,,,,,,,,,,,,,,,,,,,,,,,,,,,,,,,,,,,,,,,,,,,,,,,,,,,,,,,,,,,,,,,,,,,,,,,,,,,,,,,,,,,,,,,,,,
Matunga,1717520,T005,3052471,1,,A,B,B,,,A,C,B,B,D,A,B,C,C,A,B,C,D,C,D,,,A,C,,B,C,,A,D,,,,C,B,,,C,C,A,C,,,D,,D,D,,,,D,A,C,A,C,D,D,,,C,B,A,B,A,,D,B,A,,,,,,C,A,A,,,,,,A,D,,A,,A,B,,,,,,,,,,,,,,,,,,,,,,,,,,,,,,,,,,,,,,,,,,,,,,,,,,,,,,,,,,,,,,,,,,,,,,,,,,,,,,,,,,,,,,,,,,,,,,,,,,,,,,,,,,,,,,,,
Matunga,1717517,T005,3052471,1,,C,B,B,,D,C,A,B,,,,B,C,A,D,A,C,D,B,D,D,B,C,C,D,B,C,A,,A,D,,,C,D,B,C,D,C,,C,B,,C,,D,C,B,B,B,A,A,A,A,B,D,B,,,C,C,A,C,B,,D,A,B,,,,,B,,A,C,,,,B,,,,,B,,B,,D,,,,,,,,,,,,,,,,,,,,,,,,,,,,,,,,,,,,,,,,,,,,,,,,,,,,,,,,,,,,,,,,,,,,,,,,,,,,,,,,,,,,,,,,,,,,,,,,,,,,,,,,,,,,,,,
Matunga,1717513,T005,3052471,1,,,C,,,C,,B,D,,,,A,,C,,,C,,B,D,,,,,,B,C,C,,,,,,,,,B,,,,,,,,,,,,C,,,A,,,,,,,,C,,A,B,A,,A,,,,,,,A,,,C,,,,,,,,,,,,,C,,,,,,,,,,,,,,,,,,,,,,,,,,,,,,,,,,,,,,,,,,,,,,,,,,,,,,,,,,,,,,,,,,,,,,,,,,,,,,,,,,,,,,,,,,,,,,,,,,,,,,,,,,,,,,,
Matunga,1717512,T005,3052471,1,,B,,,A,B,B,B,B,C,C,C,C,,C,,A,C,,,D,,A,C,C,,,A,B,B,B,C,,B,B,B,,B,B,D,D,C,A,D,D,D,D,D,,A,D,C,C,D,C,C,D,C,B,B,D,B,C,B,B,,B,A,A,C,,,,B,B,D,D,A,,,B,C,D,A,,,,C,,C,,,,,,,,,,,,,,,,,,,,,,,,,,,,,,,,,,,,,,,,,,,,,,,,,,,,,,,,,,,,,,,,,,,,,,,,,,,,,,,,,,,,,,,,,,,,,,,,,,,,,,,,,,,,,,,
Matunga,1717510,T005,3052471,1,,B,B,D,,,B,A,A,A,C,C,B,C,C,B,A,B,A,C,D,B,B,C,C,C,B,C,A,B,D,,,,A,,B,,D,,,D,,,,,D,D,,C,,C,A,A,B,,D,C,C,A,B,,A,B,A,,D,,A,,B,,B,C,C,B,A,,*,B,C,A,,,,A,,,D,C,,,,,,,,,,,,,,,,,,,,,,,,,,,,,,,,,,,,,,,,,,,,,,,,,,,,,,,,,,,,,,,,,,,,,,,,,,,,,,,,,,,,,,,,,,,,,,,,,,,,,,,,,,,,,,,
Matunga,1717507,T005,3052471,1,,B,C,,,,C,,D,B,A,A,B,,C,C,A,C,,C,D,,B,,C,,C,C,,A,,D,,,A,,,,A,,A,,,,D,,,C,,,,,D,,,,D,C,D,,B,,A,,A,B,,C,A,,B,,C,A,C,,C,,,,C,,,,,A,,,,A,,,,,,,,,,,,,,,,,,,,,,,,,,,,,,,,,,,,,,,,,,,,,,,,,,,,,,,,,,,,,,,,,,,,,,,,,,,,,,,,,,,,,,,,,,,,,,,,,,,,,,,,,,,,,,,
Matunga,1717506,T005,3052471,1,,C,B,,A,,C,,,,,,C,C,,C,A,C,C,D,D,C,,,C,,,B,,B,,B,A,D,C,A,B,C,C,A,A,B,D,C,A,,C,C,,,B,D,A,A,A,B,,D,,,C,D,,,,A,A,A,,,,,,A,A,,A,C,C,B,C,D,A,D,A,C,D,B,C,D,B,,,,,,,,,,,,,,,,,,,,,,,,,,,,,,,,,,,,,,,,,,,,,,,,,,,,,,,,,,,,,,,,,,,,,,,,,,,,,,,,,,,,,,,,,,,,,,,,,,,,,,,,,,,,,,
Matunga,1717503,T005,3052471,1,,B,A,D,A,C,,D,A,B,D,A,B,C,C,A,B,B,D,C,D,B,A,B,C,,B,C,A,A,D,B,A,D,D,,,,C,C,,B,,,D,B,D,C,,C,,D,A,A,A,D,D,D,,B,B,,A,B,A,,D,,A,,,,C,A,C,C,A,A,D,,C,,,D,C,,A,C,C,,,,,,,,,,,,,,,,,,,,,,,,,,,,,,,,,,,,,,,,,,,,,,,,,,,,,,,,,,,,,,,,,,,,,,,,,,,,,,,,,,,,,,,,,,,,,,,,,,,,,,,,,,,,,,,,
Matunga,1717502,T005,3052471,1,,B,B,B,,A,,,A,B,B,C,B,C,C,C,B,B,C,C,D,B,,A,C,,B,C,A,,,B,,,A,B,,,C,,,B,,,D,,,C,,C,,D,B,,A,D,,D,,,D,B,A,B,A,,B,B,A,C,B,,,C,,A,A,,,,B,B,A,,B,,A,D,,D,,,,,,,,,,,,,,,,,,,,,,,,,,,,,,,,,,,,,,,,,,,,,,,,,,,,,,,,,,,,,,,,,,,,,,,,,,,,,,,,,,,,,,,,,,,,,,,,,,,,,,,,,,,,,,,
Matunga,1717501,T005,3052471,1,,A,,C,B,,,B,A,,A,,,,A,,A,C,,A,A,,,,A,,,B,,,,D,B,,B,B,C,B,C,A,A,C,A,C,,,D,B,D,,,,C,,B,A,D,,,,,,C,B,D,,A,A,,C,,,,A,,A,C,,,C,C,C,,,,B,,C,,C,,,,,,,,,,,,,,,,,,,,,,,,,,,,,,,,,,,,,,,,,,,,,,,,,,,,,,,,,,,,,,,,,,,,,,,,,,,,,,,,,,,,,,,,,,,,,,,,,,,,,,,,,,,,,,,
Camp,1720520,T025,3052471,1,,,,,C,C,B,B,D,C,C,D,C,C,,C,B,B,,A,B,B,,,C,,B,A,,C,B,A,,C,A,B,B,,A,,,C,C,C,C,,A,D,,C,,D,,,B,B,,C,B,,,,A,B,A,,B,B,A,,,,,C,C,A,A,,,,B,A,,,,,,,,,,,,,,,,,,,,,,,,,,,,,,,,,,,,,,,,,,,,,,,,,,,,,,,,,,,,,,,,,,,,,,,,,,,,,,,,,,,,,,,,,,,,,,,,,,,,,,,,,,,,,,,,,,,,,,,
Camp,1720519,T025,3052471,1,,,,,,C,,B,A,C,C,D,B,,C,,B,C,D,,D,B,,,C,C,,C,,,,,,,A,A,,,C,,,A,C,C,D,,A,D,,C,,D,A,B,A,,,D,,B,B,,A,B,A,,B,B,A,,B,,,,B,A,A,,,,C,A,,,,,,,,,,,,,,,,,,,,,,,,,,,,,,,,,,,,,,,,,,,,,,,,,,,,,,,,,,,,,,,,,,,,,,,,,,,,,,,,,,,,,,,,,,,,,,,,,,,,,,,,,,,,,,,,,,,,,,,
Camp,1720513,T025,3052471,1,,A,,A,B,D,A,B,B,B,D,A,,,C,C,A,B,D,,D,B,,,C,,,C,,,D,,,,,,,,C,,B,,,B,D,,A,,,C,,D,B,,,,,,,,D,,A,,,,D,,A,,,,,,,,A,,,,,,,,,,,,,,,,,,,,,,,,,,,,,,,,,,,,,,,,,,,,,,,,,,,,,,,,,,,,,,,,,,,,,,,,,,,,,,,,,,,,,,,,,,,,,,,,,,,,,,,,,,,,,,,,,,,,,,,,,,,,
Camp,1720503,T025,3052471,1,,B,B,A,C,A,A,D,B,B,D,A,B,C,C,A,A,B,D,C,D,B,A,C,C,C,B,C,A,,,D,A,D,B,,,,C,,A,C,,A,D,,D,C,,,,D,B,C,,,D,C,,B,B,B,,B,A,B,B,B,,,,,,,,A,A,,,,,,,,,,,C,,,,,,,,,,,,,,,,,,,,,,,,,,,,,,,,,,,,,,,,,,,,,,,,,,,,,,,,,,,,,,,,,,,,,,,,,,,,,,,,,,,,,,,,,,,,,,,,,,,,,,,,,,,,,,,,,
Camp,1720512,T025,3052471,1,,B,A,B,,D,A,B,D,D,D,A,B,,C,,A,B,D,C,D,A,A,,C,,C,D,,,,,,,A,A,C,A,C,,A,A,B,,,,A,B,C,B,,D,B,A,A,C,,D,,,B,,C,B,A,,B,B,A,,,,,,C,A,A,,,,C,A,,,,,,,,B,,,,,,,,,,,,,,,,,,,,,,,,,,,,,,,,,,,,,,,,,,,,,,,,,,,,,,,,,,,,,,,,,,,,,,,,,,,,,,,,,,,,,,,,,,,,,,,,,,,,,,,,,,,,,,,
Camp,1720515,T025,3052471,1,,B,A,B,D,D,A,,D,C,D,A,B,,C,,A,B,D,C,D,B,,C,C,,,C,,,,,,,A,A,,B,A,,A,C,B,A,,,A,B,B,B,,D,B,A,A,C,,D,,,B,,C,,,,D,,,,,,,,C,,A,,,,,,,,,,,,,,,,,,,,,,,,,,,,,,,,,,,,,,,,,,,,,,,,,,,,,,,,,,,,,,,,,,,,,,,,,,,,,,,,,,,,,,,,,,,,,,,,,,,,,,,,,,,,,,,,,,,,,,,,,,,,
Camp,1720505,T025,3052471,1,,,,,,,,,,,,,,,,,B,,,,D,B,,,C,,,C,,,,,,,,,,,C,,B,,C,,,,A,,,A,,,,,A,,,,,,B,,A,B,,,,,A,,,,,,,C,,,,,,,,,,,,,,,,,,,,,,,,,,,,,,,,,,,,,,,,,,,,,,,,,,,,,,,,,,,,,,,,,,,,,,,,,,,,,,,,,,,,,,,,,,,,,,,,,,,,,,,,,,,,,,,,,,,,,,,,,,,,,
Camp,1720507,T025,3052471,1,,C,,A,,A,C,C,B,A,C,D,B,,C,,C,C,D,D,D,,,D,C,,B,C,B,B,,B,,,A,,,,,,B,,,,D,,,,A,B,,,B,,,A,D,,,,B,,C,B,,,,A,A,,B,,,A,,A,,,,,,,,,,,,,,D,,,,,,,,,,,,,,,,,,,,,,,,,,,,,,,,,,,,,,,,,,,,,,,,,,,,,,,,,,,,,,,,,,,,,,,,,,,,,,,,,,,,,,,,,,,,,,,,,,,,,,,,,,,,,,,
Camp,1720504,T025,3052471,1,,A,B,D,,B,,,,,C,A,B,,,C,B,B,D,C,D,B,A,A,C,,,C,A,,,,,,A,,,,,,,,A,,D,,,D,,B,D,,B,D,A,,D,,,,A,B,A,,A,,D,B,A,,B,,,,C,,A,,,,B,,,,,,,,C,C,,,,,,,,,,,,,,,,,,,,,,,,,,,,,,,,,,,,,,,,,,,,,,,,,,,,,,,,,,,,,,,,,,,,,,,,,,,,,,,,,,,,,,,,,,,,,,,,,,,,,,,,,,,,,,,
Camp,1720501,T025,3052471,1,,B,,,,,,,,B,D,A,B,,C,A,B,C,D,C,D,B,A,C,C,,,,,B,D,,,,,,,,,,,,A,,D,,,C,,C,,B,,,A,,,D,,,D,B,A,B,A,,A,,A,,,,,,C,B,A,A,,,,,,,,,,,,B,,,,,,,,,,,,,,,,,,,,,,,,,,,,,,,,,,,,,,,,,,,,,,,,,,,,,,,,,,,,,,,,,,,,,,,,,,,,,,,,,,,,,,,,,,,,,,,,,,,,,,,,,,,,,,,
Camp,1720514,T025,3052471,1,,B,A,,,D,A,,D,D,A,A,B,,C,,A,,,,D,A,A,,C,,,D,,,,,,,A,A,C,,C,,A,C,D,,,,A,,,,,D,B,A,,C,,,,,,,C,,,,D,,A,,,,,,,,,,,,,,,,,,,,,,,,,,,,,,,,,,,,,,,,,,,,,,,,,,,,,,,,,,,,,,,,,,,,,,,,,,,,,,,,,,,,,,,,,,,,,,,,,,,,,,,,,,,,,,,,,,,,,,,,,,,,,,,,,,,,
Camp,1720511,T025,3052471,1,,C,A,,,C,A,B,D,D,A,A,B,,C,,A,,,,D,A,A,,C,,,D,,,,,,,,,A,A,C,,A,C,D,,,A,,,,,D,B,A,,,,,,,,,,C,,,,,,,,,,,,,,,,,,,,,,,,,,,,,,,,,,,,,,,,,,,,,,,,,,,,,,,,,,,,,,,,,,,,,,,,,,,,,,,,,,,,,,,,,,,,,,,,,,,,,,,,,,,,,,,,,,,,,,,,,,,,,,,,,,,,,,,,,,
Camp,1720509,T025,3052471,1,,B,,,,,,,B,,,,,,C,,,,,,C,,,,C,,,D,,,,,,,A,,,,,,B,,,,,,D,,,C,,,,,,,D,,,,B,,,,,,D,A,,,,,,,,,C,,,,,,,,,,,,,,,,,,,,,,,,,,,,,,,,,,,,,,,,,,,,,,,,,,,,,,,,,,,,,,,,,,,,,,,,,,,,,,,,,,,,,,,,,,,,,,,,,,,,,,,,,,,,,,,,,,,,,,,,,,,,
Borivali,1712593,T002,3052471,1,,C,B,,,,,,,D,C,C,B,,B,,B,C,D,,D,,,,C,,,C,A,,,,,,,,,,B,,,C,B,,,,C,,,C,,D,C,,,,D,,,D,C,,A,C,B,,,B,A,,,,C,B,C,,B,,B,A,,,,,,,,,B,C,,,,,,,,,,,,,,,,,,,,,,,,,,,,,,,,,,,,,,,,,,,,,,,,,,,,,,,,,,,,,,,,,,,,,,,,,,,,,,,,,,,,,,,,,,,,,,,,,,,,,,,,,,,,,,,
Borivali,1712588,T002,3052471,1,,D,,,,,,,,,,,B,,,,,,C,B,D,,,,C,,,,B,,,,,,B,,,,B,,,C,,,,,,,,,,,,,A,,D,C,,,C,,A,B,,,A,C,A,,,,,,,A,,,,,,,,,,A,,,,A,,,,,,,,,,,,,,,,,,,,,,,,,,,,,,,,,,,,,,,,,,,,,,,,,,,,,,,,,,,,,,,,,,,,,,,,,,,,,,,,,,,,,,,,,,,,,,,,,,,,,,,,,,,,,,,
Borivali,1712587,T002,3052471,1,,,,,,,B,D,B,,,,,C,D,B,B,A,A,C,A,A,,,C,,B,,A,,,,,,A,,,B,,,A,,C,,,,C,A,,B,,,B,,A,,,,,,A,,A,,,,,D,A,,,,,A,,A,A,,C,B,C,,,,,,,A,C,C,,,,,,,,,,,,,,,,,,,,,,,,,,,,,,,,,,,,,,,,,,,,,,,,,,,,,,,,,,,,,,,,,,,,,,,,,,,,,,,,,,,,,,,,,,,,,,,,,,,,,,,,,,,,,,,
Borivali,1712581,T002,3052471,1,,,,C,,,,B,,,B,C,B,,B,,B,B,D,C,D,,A,,C,,,,,A,B,D,C,,D,,D,B,A,,B,,,,C,C,C,,,,C,A,A,,D,D,,C,,,A,,,B,A,,,A,A,C,,,B,,C,B,,,,,,,,,B,,,A,,C,,,,,,,,,,,,,,,,,,,,,,,,,,,,,,,,,,,,,,,,,,,,,,,,,,,,,,,,,,,,,,,,,,,,,,,,,,,,,,,,,,,,,,,,,,,,,,,,,,,,,,,,,,,,,,,
Borivali,1712580,T002,3052471,1,,,A,,,D,,,,,,,,,,,A,,D,C,D,B,,,C,A,,,,,,,,A,D,B,C,A,C,,C,C,B,,,,B,,,C,B,D,A,A,,,D,B,,D,C,,,,,,,A,A,,C,,,D,,,D,A,,,,,,D,,,,,,C,,,,,,,,,,,,,,,,,,,,,,,,,,,,,,,,,,,,,,,,,,,,,,,,,,,,,,,,,,,,,,,,,,,,,,,,,,,,,,,,,,,,,,,,,,,,,,,,,,,,,,,,,,,,,,,
Borivali,1712575,T002,3052471,1,,,,,,,C,,,,,,,,,,,,,C,C,,,,C,,B,C,,,,,,,,,C,,C,,,D,D,,,,B,,C,C,,D,A,C,C,,D,C,,A,C,,A,B,,,,C,B,,,,,,,C,A,,,B,,,,C,,,,C,,C,D,,,,,,,,,,,,,,,,,,,,,,,,,,,,,,,,,,,,,,,,,,,,,,,,,,,,,,,,,,,,,,,,,,,,,,,,,,,,,,,,,,,,,,,,,,,,,,,,,,,,,,,,,,,,,,
Borivali,1712572,T002,3052471,1,,,,,,,,,D,B,B,,C,,C,,B,,A,C,D,,,D,C,,B,C,,,,C,,,C,,,,C,,,C,,,D,,A,D,,C,,D,B,,,,D,,,,A,,A,B,,,B,B,A,A,,,B,B,,C,B,,,,,,,,,C,,,,C,,,,,,,,,,,,,,,,,,,,,,,,,,,,,,,,,,,,,,,,,,,,,,,,,,,,,,,,,,,,,,,,,,,,,,,,,,,,,,,,,,,,,,,,,,,,,,,,,,,,,,,,,,,,,,,
Borivali,1712569,T002,3052471,1,,B,,D,,C,B,,D,B,C,A,B,,,,,,,C,B,B,,,C,,A,C,A,,C,,,D,A,C,B,D,C,,B,,C,D,,,D,,,C,,D,C,D,,,,,,,,,A,B,,D,D,B,A,,D,,,A,C,A,D,,A,,,C,A,,,,,,D,,,,,,,,,,,,,,,,,,,,,,,,,,,,,,,,,,,,,,,,,,,,,,,,,,,,,,,,,,,,,,,,,,,,,,,,,,,,,,,,,,,,,,,,,,,,,,,,,,,,,,,,,,,,,,,,
Borivali,1712561,T002,3052471,1,,C,,,,,,,D,,,,B,D,,,B,,D,C,D,,,,C,,,,D,B,,,,,,,,,,,,,,,A,,D,C,,C,,D,A,C,A,C,D,,,,B,,A,B,A,C,A,B,A,,,,C,B,C,B,A,,A,,,C,,,,,,C,,,,,,,,,,,,,,,,,,,,,,,,,,,,,,,,,,,,,,,,,,,,,,,,,,,,,,,,,,,,,,,,,,,,,,,,,,,,,,,,,,,,,,,,,,,,,,,,,,,,,,,,,,,,,,,,,
Borivali,1712560,T002,3052471,1,,C,B,,,C,,,,A,A,,,,,,A,,D,C,,,,,,,B,,D,B,,,,,,,,,,,,A,B,C,,,A,C,,,,,B,,A,,D,,,,,,A,B,A,C,A,B,A,,B,,B,B,C,B,A,B,B,A,,D,A,B,,,B,,,D,C,,,,,,,,,,,,,,,,,,,,,,,,,,,,,,,,,,,,,,,,,,,,,,,,,,,,,,,,,,,,,,,,,,,,,,,,,,,,,,,,,,,,,,,,,,,,,,,,,,,,,,,,,,,,,,
Borivali,1712559,T002,3052471,1,,D,,,,,,,A,,,,B,,D,,,,,,D,,,,C,C,A,C,A,,,,D,B,C,C,A,,C,,D,B,,B,D,,D,D,C,C,,,A,,,,D,,,,C,C,A,B,,A,,,,,,,,,,,,,,,,,,,,,,,,,,,,,,,,,,,,,,,,,,,,,,,,,,,,,,,,,,,,,,,,,,,,,,,,,,,,,,,,,,,,,,,,,,,,,,,,,,,,,,,,,,,,,,,,,,,,,,,,,,,,,,,,,,,,,,,
Borivali,1712557,T002,3052471,1,,D,,,,B,B,B,D,C,,,A,A,D,,B,,,,,,,,,,,,,,,A,D,C,B,B,A,D,C,B,A,B,A,D,C,B,B,A,D,C,B,C,B,A,D,C,C,B,A,D,C,A,A,A,B,,,A,C,,A,,,,C,C,,,A,B,C,D,A,B,,B,,C,,C,B,,,,,,,,,,,,,,,,,,,,,,,,,,,,,,,,,,,,,,,,,,,,,,,,,,,,,,,,,,,,,,,,,,,,,,,,,,,,,,,,,,,,,,,,,,,,,,,,,,,,,,,,,,,,,,
Borivali,1712556,T002,3052471,1,,B,,,,,,,,A,C,D,B,,,,,,,,,,,,C,,,,,,,,A,D,,,,,,,,A,,,,,,,C,,,,B,,,,,,,,,C,A,B,,A,,A,A,,,,,,,,A,B,A,,,D,,,,,,,D,,,,,,,,,,,,,,,,,,,,,,,,,,,,,,,,,,,,,,,,,,,,,,,,,,,,,,,,,,,,,,,,,,,,,,,,,,,,,,,,,,,,,,,,,,,,,,,,,,,,,,,,,,,,,,,,
Borivali,1712552,T002,3052471,1,,D,,,,,,,,,,,B,,,,B,,B,,C,,,,,,,A,,,,,,D,A,,,A,C,,,B,,,,,D,C,,C,,D,C,,A,,D,,,,,C,A,,,A,,B,A,,,,,,,,,,,B,,C,,,,,,,,,,,,,,,,,,,,,,,,,,,,,,,,,,,,,,,,,,,,,,,,,,,,,,,,,,,,,,,,,,,,,,,,,,,,,,,,,,,,,,,,,,,,,,,,,,,,,,,,,,,,,,,,,,,,,,,
Borivali,1712549,T002,3052471,1,,,,,,,,B,A,,,,A,A,D,,B,,,C,A,,,C,C,,,,A,,,,,,A,,C,,C,,,C,,,D,,D,C,,C,C,B,B,,,,,B,,,A,,A,B,C,,,,A,,A,,,A,C,C,C,,A,,,A,,C,,,,,,C,,,,,,,,,,,,,,,,,,,,,,,,,,,,,,,,,,,,,,,,,,,,,,,,,,,,,,,,,,,,,,,,,,,,,,,,,,,,,,,,,,,,,,,,,,,,,,,,,,,,,,,,,,,,,,,
Borivali,1712541,T002,3052471,1,,C,,B,,,,D,A,D,B,C,B,,D,,,,D,C,D,,,,C,,A,C,A,B,D,,D,B,A,,A,D,A,,D,B,,,,,D,D,C,C,,,B,,,,D,,,,,,,B,,,,B,A,,,,,B,C,B,B,,,,,D,A,B,,,,,,C,,,,,,,,,,,,,,,,,,,,,,,,,,,,,,,,,,,,,,,,,,,,,,,,,,,,,,,,,,,,,,,,,,,,,,,,,,,,,,,,,,,,,,,,,,,,,,,,,,,,,,,,,,,,,,,
Borivali,1712547,T002,3052471,1,,D,,C,,C,,D,A,D,,,B,,D,,,,D,,D,,,,C,C,A,C,A,B,D,,D,B,C,C,A,,C,,D,B,,,,,D,D,C,C,,,B,,,,D,,,,C,,C,A,B,,,,,,,,,,,,,,,,,,,,,,,,,,,,,,,,,,,,,,,,,,,,,,,,,,,,,,,,,,,,,,,,,,,,,,,,,,,,,,,,,,,,,,,,,,,,,,,,,,,,,,,,,,,,,,,,,,,,,,,,,,,,,,,,,,,,,,,,
Borivali,1712546,T002,3052471,1,,B,,,,,,,D,,,,B,,A,D,B,,,C,D,D,,C,C,,,C,,,,,,,,,,,C,,B,B,,,D,,,C,,,,,A,B,,,D,D,,,,,A,A,,,C,B,A,,,,,,,C,,,,A,,,,,,,,,,,,,,,,,,,,,,,,,,,,,,,,,,,,,,,,,,,,,,,,,,,,,,,,,,,,,,,,,,,,,,,,,,,,,,,,,,,,,,,,,,,,,,,,,,,,,,,,,,,,,,,,,,,,,,,,,
Borivali,1712545,T002,3052471,1,,C,,,,,,,,,,,,,,,A,,B,B,D,B,,,C,,C,C,A,A,D,,,D,,B,,D,,,,,,C,,,D,,,C,,,,,,C,C,,,,C,,A,B,B,,D,B,,,A,,,B,,,A,B,A,,D,C,A,,,,,,,C,C,,,,,,,,,,,,,,,,,,,,,,,,,,,,,,,,,,,,,,,,,,,,,,,,,,,,,,,,,,,,,,,,,,,,,,,,,,,,,,,,,,,,,,,,,,,,,,,,,,,,,,,,,,,,,,
Borivali,1712544,T002,3052471,1,,B,,,,,,A,A,,,,A,,C,,A,,B,D,B,,,,C,,B,C,A,,,,D,,A,,,,C,,,B,,,A,,,,,,,,,A,A,,D,B,,,A,,A,B,,,,,A,,,,,,,A,A,,A,,B,,,,A,,,B,,C,,,,,,,,,,,,,,,,,,,,,,,,,,,,,,,,,,,,,,,,,,,,,,,,,,,,,,,,,,,,,,,,,,,,,,,,,,,,,,,,,,,,,,,,,,,,,,,,,,,,,,,,,,,,,,,
Borivali,1712543,T002,3052471,1,,B,,,,D,,D,C,C,C,A,,,A,B,,,D,C,C,,,,C,,B,A,,,,,,,A,,,,B,A,B,,D,,,,,C,C,B,,,B,,,A,D,C,,,,,,A,,,,A,A,,,,,C,,C,A,,,,,,,,,,,,,C,,,,,,,,,,,,,,,,,,,,,,,,,,,,,,,,,,,,,,,,,,,,,,,,,,,,,,,,,,,,,,,,,,,,,,,,,,,,,,,,,,,,,,,,,,,,,,,,,,,,,,,,,,,,,,,
Borivali,1712542,T002,3052471,1,,,,,,,,B,,,,,A,,D,,,,,,,,,C,C,,,,D,,,,,,A,,C,,,,A,C,A,A,,,D,B,,C,C,C,B,B,,,D,B,,,D,,A,B,,,,A,A,,A,,,,C,C,C,,A,,A,,,C,,,,,,C,,,,,,,,,,,,,,,,,,,,,,,,,,,,,,,,,,,,,,,,,,,,,,,,,,,,,,,,,,,,,,,,,,,,,,,,,,,,,,,,,,,,,,,,,,,,,,,,,,,,,,,,,,,,,,,
Borivali,1712540,T002,3052471,1,,B,,,,,,,C,B,B,C,C,,,,C,,,C,D,,,,,,,,,,,,,,A,,,,C,,A,A,C,,D,,C,,,,,,,,,C,,C,,A,C,,A,,A,,,B,A,,,,,B,C,C,A,,,,,,,,B,A,,,,,,,,,,,,,,,,,,,,,,,,,,,,,,,,,,,,,,,,,,,,,,,,,,,,,,,,,,,,,,,,,,,,,,,,,,,,,,,,,,,,,,,,,,,,,,,,,,,,,,,,,,,,,,,,,,,
Borivali,1712538,T002,3052471,1,,C,,A,D,B,B,B,A,C,,,,C,,,B,,,D,D,B,,C,C,,,C,A,C,C,,,,A,B,,D,D,,,B,,,D,,D,B,,C,,B,B,B,,,D,,,,C,,A,,B,,,B,A,,A,,,,C,,C,,,,C,,,,,,,,,C,B,,,,,,,,,,,,,,,,,,,,,,,,,,,,,,,,,,,,,,,,,,,,,,,,,,,,,,,,,,,,,,,,,,,,,,,,,,,,,,,,,,,,,,,,,,,,,,,,,,,,,,,,,,,,,,
Borivali,1712536,T002,3052471,1,,D,D,A,,D,,B,A,C,D,A,B,,,,B,,,C,C,,,,C,,,,,B,,B,,,A,,B,B,C,,,B,,C,D,,,,D,,,D,A,C,A,C,,C,,,B,,,,A,,,B,A,,,,,,,B,A,,,B,,,,,,,B,,,,C,,,,,,,,,,,,,,,,,,,,,,,,,,,,,,,,,,,,,,,,,,,,,,,,,,,,,,,,,,,,,,,,,,,,,,,,,,,,,,,,,,,,,,,,,,,,,,,,,,,,,,,,,,,,,,
Borivali,1712535,T002,3052471,1,,D,B,D,,,D,B,B,B,C,A,B,C,C,,B,,D,A,D,B,,,B,,,,,,,B,C,B,A,,A,,,A,,,B,,,,,C,A,,,D,A,C,A,B,,,,,,,B,B,A,B,,B,A,D,B,C,B,B,A,B,A,,,A,,,A,D,,,,,,,C,,,,,,,,,,,,,,,,,,,,,,,,,,,,,,,,,,,,,,,,,,,,,,,,,,,,,,,,,,,,,,,,,,,,,,,,,,,,,,,,,,,,,,,,,,,,,,,,,,,,,,,,,,,,,,
Borivali,1712534,T002,3052471,1,,A,,,,B,B,B,D,D,A,A,B,,C,A,B,,D,C,A,A,A,,C,,C,C,A,C,C,,,,C,B,,D,A,B,D,B,B,,D,,D,C,D,C,B,B,A,C,D,B,D,,,,D,,A,B,A,,D,B,A,,,,,C,A,B,A,A,D,A,C,,,,,,B,,,,B,,,,,,,,,,,,,,,,,,,,,,,,,,,,,,,,,,,,,,,,,,,,,,,,,,,,,,,,,,,,,,,,,,,,,,,,,,,,,,,,,,,,,,,,,,,,,,,,,,,,,,,,,,,,,,
Borivali,1712531,T002,3052471,1,,,,,,,,A,A,B,D,A,,,C,C,A,B,D,C,D,B,A,,C,,A,C,,,,,,D,D,B,,,,,B,,,,D,,A,,,C,,C,A,,,,D,C,,D,B,,,B,A,,D,,A,,,,,,,,A,,,,,,,,,,,,,,,,,,,,,,,,,,,,,,,,,,,,,,,,,,,,,,,,,,,,,,,,,,,,,,,,,,,,,,,,,,,,,,,,,,,,,,,,,,,,,,,,,,,,,,,,,,,,,,,,,,,,,,,,,,,,
Borivali,1712530,T002,3052471,1,,,,,,,,,C,,,,B,,D,,B,,,C,C,B,,C,C,,,C,,,,,,D,C,B,B,D,C,,,,,,,,A,,,C,,D,A,C,,,,B,,,B,,,B,A,,,B,A,,,,,B,,,A,,A,,,,,,,,,,,C,,,,,,,,,,,,,,,,,,,,,,,,,,,,,,,,,,,,,,,,,,,,,,,,,,,,,,,,,,,,,,,,,,,,,,,,,,,,,,,,,,,,,,,,,,,,,,,,,,,,,,,,,,,,,,,
Borivali,1712529,T002,3052471,1,,C,B,,,,,A,,,,,,C,D,C,A,,,A,D,D,,,C,,,C,,,,B,A,A,C,B,C,A,B,C,B,B,D,C,C,,A,B,B,B,A,D,A,C,A,D,D,,,,D,,A,B,D,,,A,A,,B,,,A,,C,A,,B,,,,,,A,,,,A,,,,,,,,,,,,,,,,,,,,,,,,,,,,,,,,,,,,,,,,,,,,,,,,,,,,,,,,,,,,,,,,,,,,,,,,,,,,,,,,,,,,,,,,,,,,,,,,,,,,,,,,,,,,,,,,
Borivali,1712528,T002,3052471,1,,D,,,,,,,A,,,,B,,C,,A,B,D,C,D,,,,C,,A,C,,,A,,,D,C,B,C,,C,,,B,,,,,D,,C,C,,D,A,,A,,,C,,D,A,C,A,B,,A,,,,,,,,,,,,,,,,,,,,A,,,,,,,,,,,,,,,,,,,,,,,,,,,,,,,,,,,,,,,,,,,,,,,,,,,,,,,,,,,,,,,,,,,,,,,,,,,,,,,,,,,,,,,,,,,,,,,,,,,,,,,,,,,,,,,,,,,
Borivali,1712527,T002,3052471,1,,,,C,,D,B,D,A,B,D,,B,,C,,B,B,D,B,D,B,,C,C,,,C,A,,D,B,D,D,,,,A,C,,,,,,D,,,,,C,,D,B,,A,B,,,,,D,,A,B,A,,,A,B,C,B,,,,C,A,A,,,,,,,A,,A,,,B,C,,,,,,,,,,,,,,,,,,,,,,,,,,,,,,,,,,,,,,,,,,,,,,,,,,,,,,,,,,,,,,,,,,,,,,,,,,,,,,,,,,,,,,,,,,,,,,,,,,,,,,,,,,,,,,,
Borivali,1712526,T002,3052471,1,,B,B,,,,,D,B,A,C,D,B,,C,A,,,D,C,C,,,,C,,B,C,,D,D,,,,,,,,C,C,A,B,,,D,,A,D,D,C,,D,A,C,A,C,D,C,,,,,A,,,,,B,A,,,,,C,,B,,,,,,,,,,,,,,,,,,,,,,,,,,,,,,,,,,,,,,,,,,,,,,,,,,,,,,,,,,,,,,,,,,,,,,,,,,,,,,,,,,,,,,,,,,,,,,,,,,,,,,,,,,,,,,,,,,,,,,,,,,,,,
Borivali,1712525,T002,3052471,1,,A,B,A,,D,B,B,D,B,D,A,,C,C,D,B,B,D,A,D,B,A,,C,,A,C,A,A,D,C,A,C,A,B,,,C,,,B,B,,D,,A,C,,C,,B,A,A,C,,D,,,D,B,,A,B,B,,,B,A,,,C,,,,C,A,A,,,C,A,,B,,A,A,,,C,,,,,,,,,,,,,,,,,,,,,,,,,,,,,,,,,,,,,,,,,,,,,,,,,,,,,,,,,,,,,,,,,,,,,,,,,,,,,,,,,,,,,,,,,,,,,,,,,,,,,,,,,,,,,,,
Borivali,1712524,T002,3052471,1,,C,B,,,,,,D,,,,B,C,,A,A,,,B,B,,,C,C,,,C,A,D,,,,,,B,B,C,C,A,,,,C,,,D,,,C,,D,A,D,A,D,D,D,,,,C,A,B,A,C,,,A,,,,,B,C,C,A,B,A,,B,,B,,,,,,B,C,,,,,,,,,,,,,,,,,,,,,,,,,,,,,,,,,,,,,,,,,,,,,,,,,,,,,,,,,,,,,,,,,,,,,,,,,,,,,,,,,,,,,,,,,,,,,,,,,,,,,,,,,,,,,,,
Borivali,1712522,T002,3052471,1,,,,A,,,,D,A,B,D,,B,C,C,A,B,,D,,D,B,,C,C,,,C,A,,D,B,D,D,A,,B,A,C,,A,C,,,D,,A,C,D,C,,D,B,,A,B,,,,,,,A,B,A,,,B,A,C,B,,,B,C,A,A,,,,,,A,,,A,,,,C,,,,,,,,,,,,,,,,,,,,,,,,,,,,,,,,,,,,,,,,,,,,,,,,,,,,,,,,,,,,,,,,,,,,,,,,,,,,,,,,,,,,,,,,,,,,,,,,,,,,,,,,,,,,,,,
Borivali,1712521,T002,3052471,1,,B,,,,A,C,,B,A,C,D,B,,C,A,B,B,D,B,,B,A,,C,,C,C,A,A,D,,A,D,D,B,A,C,C,,A,B,C,B,D,,D,C,,C,,D,B,D,A,,,D,,,C,B,A,B,A,B,D,B,A,,,,B,,C,B,A,A,A,,C,,,D,,C,A,,A,C,,,,,,,,,,,,,,,,,,,,,,,,,,,,,,,,,,,,,,,,,,,,,,,,,,,,,,,,,,,,,,,,,,,,,,,,,,,,,,,,,,,,,,,,,,,,,,,,,,,,,,,,,,,,,,,
Borivali,1712519,T002,3052471,1,,B,B,A,,D,,B,B,,,,B,,C,,B,,B,A,D,,,B,C,,B,C,,,,B,D,,A,,A,A,C,,B,C,C,A,,,A,,,B,A,D,B,C,B,D,,C,,,A,,A,,A,,D,A,A,,,,A,,C,B,A,,A,B,,,,C,,B,B,A,B,C,,,,,,,,,,,,,,,,,,,,,,,,,,,,,,,,,,,,,,,,,,,,,,,,,,,,,,,,,,,,,,,,,,,,,,,,,,,,,,,,,,,,,,,,,,,,,,,,,,,,,,,,,,,,,,,
Borivali,1712517,T002,3052471,1,,B,B,,,,C,,A,A,,,B,C,D,A,A,,B,,,C,D,,C,,,,,,A,,,D,D,A,,,C,,,A,B,,,,A,C,,,,,C,C,,,D,A,,,B,C,A,B,D,A,,B,A,C,B,,B,B,C,C,A,B,A,B,B,D,A,B,,,B,C,,B,C,,,,,,,,,,,,,,,,,,,,,,,,,,,,,,,,,,,,,,,,,,,,,,,,,,,,,,,,,,,,,,,,,,,,,,,,,,,,,,,,,,,,,,,,,,,,,,,,,,,,,,,,,,,,,,
Borivali,1712516,T002,3052471,1,,C,,,,,,B,A,,,,B,,,C,A,,,C,D,D,,,,,B,,B,,D,,D,,B,,,,C,,,,B,,A,,,C,,,,D,,C,,,D,D,,,,C,A,B,A,D,C,B,A,,B,,B,A,C,C,A,,A,B,C,C,,D,,C,B,,A,C,,,,,,,,,,,,,,,,,,,,,,,,,,,,,,,,,,,,,,,,,,,,,,,,,,,,,,,,,,,,,,,,,,,,,,,,,,,,,,,,,,,,,,,,,,,,,,,,,,,,,,,,,,,,,,,
Borivali,1712515,T002,3052471,1,,C,B,,A,,B,,C,,,,D,C,D,A,,,B,A,C,,,,B,,C,D,,D,,,,D,D,C,D,,B,,B,C,,B,,,A,D,,A,,D,A,C,A,,,B,,,A,,A,B,,A,,A,A,,,,,B,,A,A,,,,,,,,,A,,,,,,,,,,,,,,,,,,,,,,,,,,,,,,,,,,,,,,,,,,,,,,,,,,,,,,,,,,,,,,,,,,,,,,,,,,,,,,,,,,,,,,,,,,,,,,,,,,,,,,,,,,,,,,,,,,,
Borivali,1712514,T002,3052471,1,,,B,,,,,,D,B,D,,C,,C,A,,B,,C,D,,,,C,,C,C,,,,,,B,D,,C,,B,C,B,B,,,,,A,,,C,,D,A,B,,,,C,,,B,,A,B,,,,B,A,C,B,C,,B,,C,A,,,A,,,,,B,A,,,D,C,,,,,,,,,,,,,,,,,,,,,,,,,,,,,,,,,,,,,,,,,,,,,,,,,,,,,,,,,,,,,,,,,,,,,,,,,,,,,,,,,,,,,,,,,,,,,,,,,,,,,,,,,,,,,,,
Borivali,1712513,T002,3052471,1,,B,B,B,,B,,A,B,,,,B,,C,A,B,B,D,C,B,B,,D,C,,C,C,,C,,B,D,B,C,B,B,A,C,,,A,C,,D,,A,C,B,C,B,A,B,C,A,,,C,,A,D,,A,,A,D,D,C,A,,B,A,B,B,B,B,A,,,C,,,,,,A,,B,C,C,B,,,,,,,,,,,,,,,,,,,,,,,,,,,,,,,,,,,,,,,,,,,,,,,,,,,,,,,,,,,,,,,,,,,,,,,,,,,,,,,,,,,,,,,,,,,,,,,,,,,,,,,,,,,,,,
Borivali,1712512,T002,3052471,1,,C,,D,,,A,B,A,B,D,A,B,C,C,A,B,B,D,C,D,B,,,C,B,B,D,A,A,,B,,,,,,,,,,,,,,,,,,C,,,A,,,,,,,,,B,,B,A,,D,B,A,C,B,A,,,C,C,A,A,C,,C,,,,,A,,,,,,,,,,,,,,,,,,,,,,,,,,,,,,,,,,,,,,,,,,,,,,,,,,,,,,,,,,,,,,,,,,,,,,,,,,,,,,,,,,,,,,,,,,,,,,,,,,,,,,,,,,,,,,,,,,,
Borivali,1712510,T002,3052471,1,,B,B,A,,C,,D,A,B,D,A,B,,C,A,B,A,D,,D,B,,,C,C,,C,A,D,D,,C,D,C,B,B,B,D,C,A,C,A,,,,A,D,D,A,C,D,A,C,A,C,D,C,A,D,D,B,C,B,A,A,D,B,A,,A,,,A,C,,A,,A,,,,A,B,B,D,B,,B,C,B,,,,,,,,,,,,,,,,,,,,,,,,,,,,,,,,,,,,,,,,,,,,,,,,,,,,,,,,,,,,,,,,,,,,,,,,,,,,,,,,,,,,,,,,,,,,,,,,,,,,,,,,,,,,,,
Borivali,1712509,T002,3052471,1,,B,B,A,C,,,D,D,A,C,D,B,,C,A,B,C,D,C,D,B,A,C,C,C,A,C,,D,D,B,D,D,C,B,A,,C,,A,C,C,B,D,A,D,C,B,C,B,B,B,C,A,B,D,C,,D,D,B,A,B,A,B,D,B,A,,B,,B,,,B,A,A,A,,A,A,A,,A,A,A,,B,D,,,,,,,,,,,,,,,,,,,,,,,,,,,,,,,,,,,,,,,,,,,,,,,,,,,,,,,,,,,,,,,,,,,,,,,,,,,,,,,,,,,,,,,,,,,,,,,,,,,,,,,,,,,,,,,
Borivali,1712506,T002,3052471,1,,B,B,A,D,C,,D,A,B,D,A,B,C,C,A,B,B,D,C,D,B,,,C,C,B,D,A,,D,,C,D,C,B,B,B,D,C,A,C,A,D,D,,A,D,D,A,C,D,A,C,A,C,D,C,,,B,B,A,B,A,D,D,B,A,C,B,,B,B,D,A,A,,A,B,C,C,A,D,C,A,A,D,B,C,C,,,,,,,,,,,,,,,,,,,,,,,,,,,,,,,,,,,,,,,,,,,,,,,,,,,,,,,,,,,,,,,,,,,,,,,,,,,,,,,,,,,,,,,,,,,,,,,,,,,,,,,,,,,,,,
Borivali,1712505,T002,3052471,1,,B,B,A,B,,,D,D,B,C,A,B,C,C,A,B,B,C,C,D,B,A,C,C,,,C,A,A,D,B,D,D,C,B,,A,C,D,,C,B,D,D,,A,,D,C,,D,B,C,A,A,D,C,,C,B,B,A,B,A,,,B,A,,B,,,,C,B,A,,A,A,C,D,D,D,A,A,,B,B,C,A,,,,,,,,,,,,,,,,,,,,,,,,,,,,,,,,,,,,,,,,,,,,,,,,,,,,,,,,,,,,,,,,,,,,,,,,,,,,,,,,,,,,,,,,,,,,,,,,,,,,,,,,,,,,,,
Borivali,1712504,T002,3052471,1,,*,,,B,D,C,B,D,B,D,A,B,C,C,C,B,,D,C,B,B,,A,C,D,,C,D,,,,B,D,A,C,B,B,C,A,B,C,,A,B,,D,C,C,,A,B,A,A,A,D,D,C,C,B,B,,C,B,A,A,A,B,A,,,,,B,C,B,A,,,,,A,B,D,,A,B,C,D,C,A,,,,,,,,,,,,,,,,,,,,,,,,,,,,,,,,,,,,,,,,,,,,,,,,,,,,,,,,,,,,,,,,,,,,,,,,,,,,,,,,,,,,,,,,,,,,,,,,,,,,,,,,,,,,,,
Borivali,1712503,T002,3052471,1,,B,,B,,A,A,A,D,D,D,A,B,C,C,A,B,C,D,C,D,B,A,A,C,B,A,C,,A,D,B,D,D,A,B,A,B,C,C,A,C,,C,A,A,A,B,D,C,B,D,B,C,A,C,D,D,,D,B,B,A,B,A,,B,B,A,C,B,C,A,B,C,B,A,A,A,B,C,A,D,D,A,A,,B,B,C,A,,,,,,,,,,,,,,,,,,,,,,,,,,,,,,,,,,,,,,,,,,,,,,,,,,,,,,,,,,,,,,,,,,,,,,,,,,,,,,,,,,,,,,,,,,,,,,,,,,,,,,,,,,,,,,
Borivali,1712502,T002,3052471,1,,B,D,A,B,C,A,B,D,B,D,A,B,C,C,A,B,C,D,C,C,B,A,,C,,C,C,,C,A,B,D,D,A,B,,A,D,,B,C,D,B,D,,A,D,D,C,C,D,B,A,,B,D,C,,D,D,B,A,B,A,B,D,B,A,C,,,B,A,C,A,C,A,A,B,C,D,A,C,B,A,A,C,B,C,B,,,,,,,,,,,,,,,,,,,,,,,,,,,,,,,,,,,,,,,,,,,,,,,,,,,,,,,,,,,,,,,,,,,,,,,,,,,,,,,,,,,,,,,,,,,,,,,,,,,,,,,,,,,,,,
Borivali,1712501,T002,3052471,1,,A,D,C,,C,,A,C,,A,B,B,C,C,A,A,D,A,,C,C,,C,C,A,C,C,A,,D,,D,A,A,,A,C,C,C,B,B,D,B,D,,B,C,D,B,A,,A,C,A,D,D,C,,,B,B,A,B,,A,D,B,A,,A,,A,A,C,B,A,A,A,A,C,B,B,D,D,B,A,B,B,C,C,,,,,,,,,,,,,,,,,,,,,,,,,,,,,,,,,,,,,,,,,,,,,,,,,,,,,,,,,,,,,,,,,,,,,,,,,,,,,,,,,,,,,,,,,,,,,,,,,,,,,,,,,,,,,,
Chembur,1713501,T003,3052471,1,,,B,C,,,,D,A,,,,B,D,,,A,C,C,,C,C,,B,C,,,,A,,,,,,C,,,B,A,,A,,C,,A,,A,B,,A,D,A,,,A,,D,,D,B,B,A,C,,B,,D,B,,,,B,,B,,,A,A,D,A,,,,C,,A,,C,A,C,,,,,,,,,,,,,,,,,,,,,,,,,,,,,,,,,,,,,,,,,,,,,,,,,,,,,,,,,,,,,,,,,,,,,,,,,,,,,,,,,,,,,,,,,,,,,,,,,,,,,,,,,,,,,,,
Chembur,1713503,T003,3052471,1,,D,D,C,,B,,D,,B,B,D,,C,,A,A,,C,C,C,,D,,C,,B,,A,,B,D,B,,A,,,B,C,A,B,A,C,,,D,D,,C,C,A,,,A,,,,,,,,A,C,C,,D,,A,A,,C,,,C,D,C,,A,,,,,,C,,C,,C,C,C,,,,,,,,,,,,,,,,,,,,,,,,,,,,,,,,,,,,,,,,,,,,,,,,,,,,,,,,,,,,,,,,,,,,,,,,,,,,,,,,,,,,,,,,,,,,,,,,,,,,,,,,,,,,,,,
Chembur,1713504,T003,3052471,1,,D,D,B,B,D,D,B,,A,B,B,B,C,D,B,A,B,C,A,B,A,A,D,B,,,,,,,B,,,A,,A,,B,C,B,,B,C,,,,,,C,A,D,A,,A,B,B,D,,,B,A,A,C,,,,A,A,,C,,,C,D,D,,A,,,,,,,,C,,C,C,C,,,,,,,,,,,,,,,,,,,,,,,,,,,,,,,,,,,,,,,,,,,,,,,,,,,,,,,,,,,,,,,,,,,,,,,,,,,,,,,,,,,,,,,,,,,,,,,,,,,,,,,,,,,,,,,
Chembur,1713506,T003,3052471,1,,B,D,A,B,C,D,A,,A,B,B,,C,D,D,B,D,C,C,B,A,A,D,C,,,,A,,,B,,,A,,A,B,C,C,B,A,C,C,,,,,,C,A,D,A,,A,B,,,,,B,A,A,C,,,,A,A,,C,,,C,D,D,,A,,,,,,,,C,,C,C,C,,,,,,,,,,,,,,,,,,,,,,,,,,,,,,,,,,,,,,,,,,,,,,,,,,,,,,,,,,,,,,,,,,,,,,,,,,,,,,,,,,,,,,,,,,,,,,,,,,,,,,,,,,,,,,,
Chembur,1713507,T003,3052471,1,,B,D,A,C,C,C,D,A,,,,B,,C,,B,B,B,C,D,B,,,B,D,B,A,A,C,,,D,A,A,,A,,C,A,B,C,C,,,,,B,D,C,,D,A,C,C,,D,,,,A,B,A,,,B,,C,A,,D,,B,,,C,A,,D,,C,,,C,A,,,,B,C,,,,,,,,,,,,,,,,,,,,,,,,,,,,,,,,,,,,,,,,,,,,,,,,,,,,,,,,,,,,,,,,,,,,,,,,,,,,,,,,,,,,,,,,,,,,,,,,,,,,,,,,,,,,,,,
Chembur,1713508,T003,3052471,1,,,B,,,,C,D,,,,,B,,D,A,B,,,,D,B,,,C,,A,C,,,D,A,,D,D,B,C,,C,B,,,C,,,,,,,,A,,A,B,A,,D,,,B,B,C,A,B,,A,D,B,A,,,,,,C,C,,D,,,C,D,D,B,,A,,B,,C,A,,,,,,,,,,,,,,,,,,,,,,,,,,,,,,,,,,,,,,,,,,,,,,,,,,,,,,,,,,,,,,,,,,,,,,,,,,,,,,,,,,,,,,,,,,,,,,,,,,,,,,,,,,,,,,
Chembur,1713510,T003,3052471,1,,B,,,,,,B,A,,,D,B,,C,A,B,D,A,C,C,A,,,C,,B,C,,C,D,,,,,,,,,,,,,,D,,,C,,,,,A,B,,,D,,,,,,,,C,B,,B,B,C,B,A,C,C,A,D,B,A,,A,,A,B,D,B,A,B,C,B,C,B,,,,,,,,,,,,,,,,,,,,,,,,,,,,,,,,,,,,,,,,,,,,,,,,,,,,,,,,,,,,,,,,,,,,,,,,,,,,,,,,,,,,,,,,,,,,,,,,,,,,,,,,,,,,,,
Chembur,1713515,T003,3052471,1,,B,B,A,C,C,B,A,A,,,,B,,C,,C,B,B,C,D,B,,D,C,D,,D,A,B,,,A,A,D,,A,,C,D,C,C,,C,C,D,,,,C,D,B,A,A,C,,D,,,,C,,A,,A,,,,,,D,,,A,,,A,,D,,C,,,C,A,,,,B,C,,,,,,,,,,,,,,,,,,,,,,,,,,,,,,,,,,,,,,,,,,,,,,,,,,,,,,,,,,,,,,,,,,,,,,,,,,,,,,,,,,,,,,,,,,,,,,,,,,,,,,,,,,,,,,,
Chembur,1713517,T003,3052471,1,,,D,,,,,D,A,,,,B,,D,A,B,,A,,D,B,,,C,,A,C,,,D,,,D,C,,C,,C,,B,C,,,A,,A,B,,A,A,D,A,,A,,,C,,A,B,,C,B,,,,B,,,,,,,,,A,,,,,,,,,,,,,B,,,,,,,,,,,,,,,,,,,,,,,,,,,,,,,,,,,,,,,,,,,,,,,,,,,,,,,,,,,,,,,,,,,,,,,,,,,,,,,,,,,,,,,,,,,,,,,,,,,,,,,,,,,,,,,
Chembur,1713518,T003,3052471,1,,D,D,C,,,B,D,,B,B,D,,,,,A,,C,C,C,,,,C,,A,,A,,,C,,,D,A,,B,C,A,B,A,C,,C,C,A,B,D,C,,A,A,D,C,B,,,,B,C,A,C,C,,,,A,B,,C,,,C,D,C,,C,D,,B,B,A,,,C,A,C,C,C,,,,,,,,,,,,,,,,,,,,,,,,,,,,,,,,,,,,,,,,,,,,,,,,,,,,,,,,,,,,,,,,,,,,,,,,,,,,,,,,,,,,,,,,,,,,,,,,,,,,,,,,,,,,,,,
Chembur,1713519,T003,3052471,1,,B,,*,,,,B,B,,,,B,,D,,B,,,A,D,,,,C,B,,,,,,B,D,D,A,,,,B,,A,B,C,,D,,A,,,C,A,A,C,C,,,,B,,C,A,,A,C,,,A,,A,,B,,,A,C,C,A,,A,,C,B,,,,,,B,B,C,,,,,,,,,,,,,,,,,,,,,,,,,,,,,,,,,,,,,,,,,,,,,,,,,,,,,,,,,,,,,,,,,,,,,,,,,,,,,,,,,,,,,,,,,,,,,,,,,,,,,,,,,,,,,,,
Chembur,1713521,T003,3052471,1,,B,,C,,,,B,B,,,,B,,D,B,A,B,C,C,D,B,,,C,,D,D,,,C,D,D,D,A,B,,,B,,A,B,C,,D,,A,B,C,C,A,A,C,B,A,C,D,C,,,B,,,B,A,,A,B,A,,A,,,,,,A,,C,,,,,A,,,,B,,C,B,,,,,,,,,,,,,,,,,,,,,,,,,,,,,,,,,,,,,,,,,,,,,,,,,,,,,,,,,,,,,,,,,,,,,,,,,,,,,,,,,,,,,,,,,,,,,,,,,,,,,,,,,,,,,,
Chembur,1713522,T003,3052471,1,,B,C,A,B,C,,,,,,,A,,D,,B,,,C,B,,,,C,B,,,,,,D,D,B,A,,,C,B,A,A,B,C,,B,,,B,,C,A,A,C,A,C,,D,,,,B,,A,C,A,,D,A,A,,,,,C,A,,A,,,C,,,,,,,,C,C,C,A,,,,,,,,,,,,,,,,,,,,,,,,,,,,,,,,,,,,,,,,,,,,,,,,,,,,,,,,,,,,,,,,,,,,,,,,,,,,,,,,,,,,,,,,,,,,,,,,,,,,,,,,,,,,,,
Chembur,1713523,T003,3052471,1,,D,D,B,B,D,,B,,A,B,B,B,C,D,C,A,B,B,A,B,D,A,D,C,D,,,,,B,B,,C,A,,A,,B,C,B,,B,C,,,D,C,,C,A,D,A,,A,B,B,D,,C,B,B,A,B,,D,D,B,A,,B,,,C,C,D,A,,,,C,C,,,,C,,B,C,C,B,,,,,,,,,,,,,,,,,,,,,,,,,,,,,,,,,,,,,,,,,,,,,,,,,,,,,,,,,,,,,,,,,,,,,,,,,,,,,,,,,,,,,,,,,,,,,,,,,,,,,,,,,,,,,,
Chembur,1713525,T003,3052471,1,,,B,C,,,,A,A,D,,,B,D,,,A,C,C,C,C,C,,B,C,,,,,,A,,,,A,A,C,,,,,,C,,A,,,C,,,,,,,A,,,,,,,,,B,,,,C,A,,,,C,B,,,,A,,,,,,C,,C,,C,C,C,,,,,,,,,,,,,,,,,,,,,,,,,,,,,,,,,,,,,,,,,,,,,,,,,,,,,,,,,,,,,,,,,,,,,,,,,,,,,,,,,,,,,,,,,,,,,,,,,,,,,,,,,,,,,,,
Chembur,1713527,T003,3052471,1,,,B,C,,,B,B,D,C,A,B,D,A,C,,B,,A,A,B,D,,,A,,A,C,A,A,D,,,,A,,,B,A,,A,,C,,A,,A,B,,,A,D,A,,A,C,,,B,B,C,,C,B,,,,B,,,,,B,,,,A,,D,,,,,C,,,,C,A,C,,,,,,,,,,,,,,,,,,,,,,,,,,,,,,,,,,,,,,,,,,,,,,,,,,,,,,,,,,,,,,,,,,,,,,,,,,,,,,,,,,,,,,,,,,,,,,,,,,,,,,,,,,,,,,,
Chembur,1713526,T003,3052471,1,,B,,,D,,,C,A,,,,,C,C,,D,B,D,,D,D,,A,C,,A,A,C,,,B,C,D,A,,C,,,,,C,,B,D,,D,C,,C,,D,A,,A,C,D,B,,,B,,A,,,A,,B,A,,,,,A,,C,A,,A,C,C,,,,,,,,,D,,,,,,,,,,,,,,,,,,,,,,,,,,,,,,,,,,,,,,,,,,,,,,,,,,,,,,,,,,,,,,,,,,,,,,,,,,,,,,,,,,,,,,,,,,,,,,,,,,,,,,,,,,,,,,,
Chembur,1713528,T003,3052471,1,,B,C,,,,,,A,D,,,B,,C,A,B,C,A,C,D,A,,,C,,C,C,,D,D,,A,,,D,,,D,,B,D,D,,D,,A,C,,,,D,A,B,C,,D,C,D,,B,,,,,,,B,A,,,,,,,,A,,,,A,,,D,B,,,,,A,,,,,,,,,,,,,,,,,,,,,,,,,,,,,,,,,,,,,,,,,,,,,,,,,,,,,,,,,,,,,,,,,,,,,,,,,,,,,,,,,,,,,,,,,,,,,,,,,,,,,,,,,,,,,,,
Chembur,1713529,T003,3052471,1,,D,D,,,,D,,B,A,B,D,C,C,C,,A,B,D,,B,,,,B,D,B,A,A,,,,,,A,C,A,C,C,C,A,,D,B,,,A,,,,A,D,D,A,C,,D,D,A,,A,B,A,,,D,,A,A,,,,,C,,,A,,D,,C,,,,,,,B,,C,,,,,,,,,,,,,,,,,,,,,,,,,,,,,,,,,,,,,,,,,,,,,,,,,,,,,,,,,,,,,,,,,,,,,,,,,,,,,,,,,,,,,,,,,,,,,,,,,,,,,,,,,,,,,,,
Chembur,1713530,T003,3052471,1,,B,B,D,B,A,B,B,A,C,C,D,B,C,C,A,B,C,D,C,C,A,A,C,C,C,A,C,A,A,D,B,D,B,A,B,A,B,A,D,A,C,B,B,D,A,D,C,D,C,A,D,A,D,A,B,D,B,B,A,D,C,A,B,A,B,C,B,A,C,B,A,C,D,C,A,D,B,D,A,C,A,B,D,B,A,B,C,B,C,B,,,,,,,,,,,,,,,,,,,,,,,,,,,,,,,,,,,,,,,,,,,,,,,,,,,,,,,,,,,,,,,,,,,,,,,,,,,,,,,,,,,,,,,,,,,,,,,,,,,,,,,,,,,,,,
Chembur,1713531,T003,3052471,1,,B,B,,,A,,B,D,,,,B,,C,A,B,C,D,D,D,,,C,C,B,C,C,C,A,D,,,,,D,,,D,D,D,D,D,,D,,A,C,,C,D,C,B,B,A,D,,C,,,B,,A,B,,,,B,A,,,,,A,,A,A,,B,,,,,,,,,C,,A,,,,,,,,,,,,,,,,,,,,,,,,,,,,,,,,,,,,,,,,,,,,,,,,,,,,,,,,,,,,,,,,,,,,,,,,,,,,,,,,,,,,,,,,,,,,,,,,,,,,,,,,,,,,,,,
Dombivali,1714560,T004,3052471,1,,A,A,,,,C,B,B,,,,,,A,,A,,,C,D,,,,C,,,,,,,D,,,D,,D,,B,,,C,D,A,D,,A,B,,C,,D,B,C,A,,,D,,,,B,A,,,,A,B,A,,B,,C,A,,C,,,C,A,B,C,,,,A,D,D,,A,,,,,,,,,,,,,,,,,,,,,,,,,,,,,,,,,,,,,,,,,,,,,,,,,,,,,,,,,,,,,,,,,,,,,,,,,,,,,,,,,,,,,,,,,,,,,,,,,,,,,,,,,,,,,,,
Dombivali,1714559,T004,3052471,1,,B,C,,,,,,A,,,,,,,,,,D,A,,,,,,,,,,,,C,C,C,D,,,,,,,C,,,,,A,C,,,,B,B,B,,,,,,,A,,,D,B,B,B,C,C,C,,,,D,,D,D,,A,D,,,,B,B,B,,C,,C,,,,,,,,,,,,,,,,,,,,,,,,,,,,,,,,,,,,,,,,,,,,,,,,,,,,,,,,,,,,,,,,,,,,,,,,,,,,,,,,,,,,,,,,,,,,,,,,,,,,,,,,,,,,,,,
Dombivali,1714555,T004,3052471,1,,,,,,,,B,A,,,,A,C,,,D,,A,B,D,,,,,,,,,,,,A,A,A,,,,C,A,A,A,,,,,,C,,,,,,,,,,A,,,A,D,C,B,B,C,D,B,A,C,,,,B,D,C,B,,,,,,A,,,,,,,C,,,,,,,,,,,,,,,,,,,,,,,,,,,,,,,,,,,,,,,,,,,,,,,,,,,,,,,,,,,,,,,,,,,,,,,,,,,,,,,,,,,,,,,,,,,,,,,,,,,,,,,,,,,,,,,
Dombivali,1714554,T004,3052471,1,,,,,,,B,,,C,C,D,B,,,,B,B,D,,D,,,,,,,C,,,A,,,,,B,,,D,,B,D,,,,,A,C,,,,,A,,,,D,,,,A,,A,B,A,,,,A,,,,,B,,B,A,A,,,D,,,,,,,,,C,,,,,,,,,,,,,,,,,,,,,,,,,,,,,,,,,,,,,,,,,,,,,,,,,,,,,,,,,,,,,,,,,,,,,,,,,,,,,,,,,,,,,,,,,,,,,,,,,,,,,,,,,,,,,,,
Dombivali,1714551,T004,3052471,1,,,,,,,,B,A,,,,C,,,D,A,,D,,B,,,,C,,,,,,,,,,A,,,,,A,C,,,,,,,,,C,,,B,,A,,,,,,B,,A,,,,,,,,,,,,,,D,,,,,,,,,,,,,C,,,,,,,,,,,,,,,,,,,,,,,,,,,,,,,,,,,,,,,,,,,,,,,,,,,,,,,,,,,,,,,,,,,,,,,,,,,,,,,,,,,,,,,,,,,,,,,,,,,,,,,,,,,,,,,
Dombivali,1714548,T004,3052471,1,,,,,,,,,A,,,,,,B,,A,C,A,C,B,,,,,A,,,,,,,,,,,,,C,,,,,,B,,,,,,,,,,,,,,,,,,,,,,,A,A,,,,,,C,A,A,,,,,,,,,,,,,,,,,,,,,,,,,,,,,,,,,,,,,,,,,,,,,,,,,,,,,,,,,,,,,,,,,,,,,,,,,,,,,,,,,,,,,,,,,,,,,,,,,,,,,,,,,,,,,,,,,,,,,,,,,,,,
Dombivali,1714545,T004,3052471,1,,D,,C,,D,B,,D,,,,,,,,B,,,A,D,,,,A,,,C,,,,,,,,,,,,,A,C,,,,,,D,,,D,,A,,,,D,,,,C,,,,,,,,,,,,,,,,,,,,,,,,,,,,,,,,,,,,,,,,,,,,,,,,,,,,,,,,,,,,,,,,,,,,,,,,,,,,,,,,,,,,,,,,,,,,,,,,,,,,,,,,,,,,,,,,,,,,,,,,,,,,,,,,,,,,,,,,,,,,
Dombivali,1714541,T004,3052471,1,,C,,,,,,,A,,,,,,C,,A,,,B,,A,,,C,,,A,,,,,,,A,,,,D,A,B,A,,,,,B,,C,,D,,,A,A,D,,,,,A,,,,,,,A,A,,,,,A,,A,,,,,,,,,,,,,B,,,,,,,,,,,,,,,,,,,,,,,,,,,,,,,,,,,,,,,,,,,,,,,,,,,,,,,,,,,,,,,,,,,,,,,,,,,,,,,,,,,,,,,,,,,,,,,,,,,,,,,,,,,,,,,,
Dombivali,1714540,T004,3052471,1,,,,,,,,,B,,,,B,,,,A,,,,D,,,,C,,,C,A,,,,,,A,,,,,,A,,A,,,,D,,,C,,,A,A,A,,,,,,,,,,,,,,,,,,,,,,,,,,,,,,,,,,,,,,,,,,,,,,,,,,,,,,,,,,,,,,,,,,,,,,,,,,,,,,,,,,,,,,,,,,,,,,,,,,,,,,,,,,,,,,,,,,,,,,,,,,,,,,,,,,,,,,,,,,,,,,,,,,
Dombivali,1714539,T004,3052471,1,,A,,,,,A,,,,,,D,,A,,B,,,A,B,B,,,C,,B,C,,,,,,D,C,B,,,C,,,C,,A,,,,B,,C,,D,B,,,,,,,,B,,C,B,B,D,,B,A,,C,,,,C,A,D,,,,,,,,,,,A,,C,,,,,,,,,,,,,,,,,,,,,,,,,,,,,,,,,,,,,,,,,,,,,,,,,,,,,,,,,,,,,,,,,,,,,,,,,,,,,,,,,,,,,,,,,,,,,,,,,,,,,,,,,,,,,,,
Dombivali,1714538,T004,3052471,1,,D,B,C,,,,A,B,C,A,,C,D,A,,A,,D,C,A,,,,D,C,A,,B,,,,A,,,A,A,,A,A,A,C,,B,D,,,C,C,,D,A,A,A,C,A,,B,,,A,A,B,C,,,,B,B,B,,C,,C,,D,,C,,A,C,C,D,C,C,B,,A,,B,B,,,,,,,,,,,,,,,,,,,,,,,,,,,,,,,,,,,,,,,,,,,,,,,,,,,,,,,,,,,,,,,,,,,,,,,,,,,,,,,,,,,,,,,,,,,,,,,,,,,,,,,,,,,,,,
Dombivali,1714537,T004,3052471,1,,,B,A,,,,B,A,B,A,B,,C,,,C,,,,C,,,,,A,,,,A,,D,,,,,,,B,,,A,,,,,,,,,,,,,A,,D,,,,A,,C,,,,,B,,,,,,A,,A,,,,,,,A,,,C,,,,,,,,,,,,,,,,,,,,,,,,,,,,,,,,,,,,,,,,,,,,,,,,,,,,,,,,,,,,,,,,,,,,,,,,,,,,,,,,,,,,,,,,,,,,,,,,,,,,,,,,,,,,,,,,,,,
Dombivali,1714535,T004,3052471,1,,A,B,,,C,C,D,A,,B,,,,C,,B,,D,A,D,B,,,C,,B,A,A,C,C,,,A,A,,,,B,C,,C,,,,,,C,,,,D,C,A,,,,,B,,,,,,,,,B,,,,C,,,,,,,,,,,,,,B,,,,,,,,,,,,,,,,,,,,,,,,,,,,,,,,,,,,,,,,,,,,,,,,,,,,,,,,,,,,,,,,,,,,,,,,,,,,,,,,,,,,,,,,,,,,,,,,,,,,,,,,,,,,,,,,,,,
Dombivali,1714533,T004,3052471,1,,B,B,,,,,,D,,,,,,C,,A,,,C,D,,,,C,,,C,,,,,,,C,,,,,,A,,,,,,A,,,C,,C,C,A,,C,D,,,,,,,B,,,,B,,,,,,,,,,,,,,C,,,,,,,,,,,,,,,,,,,,,,,,,,,,,,,,,,,,,,,,,,,,,,,,,,,,,,,,,,,,,,,,,,,,,,,,,,,,,,,,,,,,,,,,,,,,,,,,,,,,,,,,,,,,,,,,,,,,,,,
Dombivali,1714531,T004,3052471,1,,,,C,,D,,B,D,,,,C,,,C,B,D,B,B,B,,,,C,,B,C,,,,B,,C,D,,,,A,,D,B,,,,,D,,,C,,C,A,C,A,,B,,,,A,,,A,,,C,,A,,,,,,,A,,,A,,,,,,,B,C,,,B,,,,,,,,,,,,,,,,,,,,,,,,,,,,,,,,,,,,,,,,,,,,,,,,,,,,,,,,,,,,,,,,,,,,,,,,,,,,,,,,,,,,,,,,,,,,,,,,,,,,,,,,,,,,,,,
Dombivali,1714528,T004,3052471,1,,,,A,D,,A,A,B,,,,B,C,C,,B,B,D,,D,,,,C,,B,C,,,,,,D,C,B,,,C,,,B,,,,,A,C,,C,,D,D,,A,,,,,,,,A,,,,,,A,,,,,,,,,,,,,,,,,,,,,,,,,,,,,,,,,,,,,,,,,,,,,,,,,,,,,,,,,,,,,,,,,,,,,,,,,,,,,,,,,,,,,,,,,,,,,,,,,,,,,,,,,,,,,,,,,,,,,,,,,,,,,,,,,,,,
Dombivali,1714525,T004,3052471,1,,A,C,C,,A,D,C,B,B,D,C,A,D,C,C,A,,,C,D,,,A,B,,,C,A,C,A,,,,A,,C,A,,D,B,C,C,,B,,D,C,C,C,C,,B,,A,D,D,,,A,,,,,,,,B,A,,C,D,,,C,B,A,,,,C,,,,,B,,,,C,C,,,,,,,,,,,,,,,,,,,,,,,,,,,,,,,,,,,,,,,,,,,,,,,,,,,,,,,,,,,,,,,,,,,,,,,,,,,,,,,,,,,,,,,,,,,,,,,,,,,,,,,,,,,,,,
Dombivali,1714524,T004,3052471,1,,,,,,,,,,,,,,C,C,,,,D,,D,,,,C,,,C,A,C,,,,,A,B,,,C,,,C,,,,,D,,,,,C,B,,A,D,,,,,,,A,,,C,,,A,,,,,,,,,,,D,,,,,,,,,,D,D,,,,,,,,,,,,,,,,,,,,,,,,,,,,,,,,,,,,,,,,,,,,,,,,,,,,,,,,,,,,,,,,,,,,,,,,,,,,,,,,,,,,,,,,,,,,,,,,,,,,,,,,,,,,,,
Dombivali,1714523,T004,3052471,1,,B,A,B,C,,B,,,B,A,,C,,C,C,B,B,B,A,C,D,,,A,,,,,B,D,B,,,C,D,B,B,C,D,A,B,B,A,A,,,C,B,C,A,B,B,B,D,D,D,,,,B,,,C,,,C,,A,,,,,,,D,A,,,B,,,,,,,,C,,B,,,,,,,,,,,,,,,,,,,,,,,,,,,,,,,,,,,,,,,,,,,,,,,,,,,,,,,,,,,,,,,,,,,,,,,,,,,,,,,,,,,,,,,,,,,,,,,,,,,,,,,,,,,,,,,
Dombivali,1714522,T004,3052471,1,,D,,A,,,,B,A,,,,C,,D,,B,,B,,,,,,C,,B,C,,,,,,B,C,B,,,C,C,A,B,B,,,,D,,,C,A,C,B,,B,,,,,,,,A,,,,,B,A,,,,,B,,A,,,,,,,,,,,,,,C,,,,,,,,,,,,,,,,,,,,,,,,,,,,,,,,,,,,,,,,,,,,,,,,,,,,,,,,,,,,,,,,,,,,,,,,,,,,,,,,,,,,,,,,,,,,,,,,,,,,,,,,,,,,,,,
Dombivali,1714521,T004,3052471,1,,,,C,,,D,,,,,,,,,,,,,,,,,,,,,,,,,,,,A,,C,A,,D,B,C,C,,B,,,D,C,C,C,C,,B,,A,D,D,,,A,,,,,,,B,A,,C,D,,,C,B,A,,,,C,,,,,B,,,,C,C,,,,,,,,,,,,,,,,,,,,,,,,,,,,,,,,,,,,,,,,,,,,,,,,,,,,,,,,,,,,,,,,,,,,,,,,,,,,,,,,,,,,,,,,,,,,,,,,,,,,,,,,,,,,,,
Dombivali,1714518,T004,3052471,1,,C,,,,,,A,A,,,,,,A,,A,,A,B,D,,,,C,,B,C,,,B,,,D,A,,C,,B,,C,A,C,C,,,D,C,A,B,,C,B,,A,,,C,,,C,,A,B,,,,A,,,,,,A,,C,C,,,,B,,,,,C,,C,B,C,,,,,,,,,,,,,,,,,,,,,,,,,,,,,,,,,,,,,,,,,,,,,,,,,,,,,,,,,,,,,,,,,,,,,,,,,,,,,,,,,,,,,,,,,,,,,,,,,,,,,,,,,,,,,,,
Dombivali,1714517,T004,3052471,1,,A,,,,D,,D,A,C,C,,B,C,C,A,B,,D,C,D,B,A,C,C,,,C,A,,D,,,D,C,,,,,,,C,,,D,,,,,C,,D,B,,A,D,,,,,,,A,B,A,B,,B,A,,B,,,,,B,,,,,,,,,,,,C,,D,,,,,,,,,,,,,,,,,,,,,,,,,,,,,,,,,,,,,,,,,,,,,,,,,,,,,,,,,,,,,,,,,,,,,,,,,,,,,,,,,,,,,,,,,,,,,,,,,,,,,,,,,,,,,,,
Dombivali,1714516,T004,3052471,1,,,,,,,,D,D,,,,A,,,,,,B,,D,B,,C,C,,,C,,,,,,D,,,,,B,,,B,,,,,D,,,C,,C,A,,A,,D,,C,,,,A,B,A,,,,,,,,,,,,A,,,,,,,,,A,,C,B,,,,,,,,,,,,,,,,,,,,,,,,,,,,,,,,,,,,,,,,,,,,,,,,,,,,,,,,,,,,,,,,,,,,,,,,,,,,,,,,,,,,,,,,,,,,,,,,,,,,,,,,,,,,,,,,
Dombivali,1714515,T004,3052471,1,,,,,B,,B,A,,C,C,D,B,C,C,,B,B,D,,D,B,,,C,,,C,A,,,,,C,,,,,,,A,D,,,D,,,,,,,,,,,,,,,,,,A,B,A,,,,A,,,C,,,,A,,,,,C,,,,,,A,,B,C,,,,,,,,,,,,,,,,,,,,,,,,,,,,,,,,,,,,,,,,,,,,,,,,,,,,,,,,,,,,,,,,,,,,,,,,,,,,,,,,,,,,,,,,,,,,,,,,,,,,,,,,,,,,,,,
Dombivali,1714514,T004,3052471,1,,,,,,,,,D,,,,A,,D,A,A,,,C,D,B,,C,C,,C,C,A,,,,D,A,D,,,,A,D,A,C,A,,,,A,,,C,,D,B,B,,B,,,,,B,,A,B,,,,B,A,,,,,,,D,,,,,,,,,,A,,,,,,,,,,,,,,,,,,,,,,,,,,,,,,,,,,,,,,,,,,,,,,,,,,,,,,,,,,,,,,,,,,,,,,,,,,,,,,,,,,,,,,,,,,,,,,,,,,,,,,,,,,,,,,,,,,,
Dombivali,1714513,T004,3052471,1,,,,,B,A,,,A,,,,,,C,,A,,,D,D,,,D,C,,,,,,,,,B,A,,,,D,C,B,B,,,,,,,,C,,A,B,,A,,,,,,B,,,B,,,,,A,,,,,A,,,,,,,,,,,,,,C,,C,,,,,,,,,,,,,,,,,,,,,,,,,,,,,,,,,,,,,,,,,,,,,,,,,,,,,,,,,,,,,,,,,,,,,,,,,,,,,,,,,,,,,,,,,,,,,,,,,,,,,,,,,,,,,,,
Dombivali,1714509,T004,3052471,1,,C,,,,A,,,B,B,D,A,B,,C,,B,B,B,,D,B,B,,C,,,,,,,,A,D,C,A,,A,D,C,A,B,,,,,A,,C,C,,D,A,D,A,C,,,,,D,,A,B,A,,,,A,,,,,,,B,A,,,,,,,,,A,,,,C,,,,,,,,,,,,,,,,,,,,,,,,,,,,,,,,,,,,,,,,,,,,,,,,,,,,,,,,,,,,,,,,,,,,,,,,,,,,,,,,,,,,,,,,,,,,,,,,,,,,,,,,,,,,,,,
Dombivali,1714507,T004,3052471,1,,C,B,,B,A,,A,C,,D,,B,D,C,,A,,B,B,D,,,C,C,C,,C,A,,,,C,A,C,,B,,,D,A,,,,,,,,D,,,,,B,A,B,,,,,,,,C,,A,,,C,,B,C,,,,A,,,,,,,,,,,,,,D,,,,,,,,,,,,,,,,,,,,,,,,,,,,,,,,,,,,,,,,,,,,,,,,,,,,,,,,,,,,,,,,,,,,,,,,,,,,,,,,,,,,,,,,,,,,,,,,,,,,,,,,,,,,,,,
Dombivali,1714503,T004,3052471,1,,A,C,A,,A,,C,B,B,D,A,A,D,C,B,A,,B,C,D,C,,A,B,,A,C,A,,,,,C,A,B,C,A,D,D,B,,,,D,,,D,,C,,C,A,,A,,B,B,,,B,,,B,,,,C,A,,,,,,,C,,A,,C,,,,,,,,,,,,,,,,,,,,,,,,,,,,,,,,,,,,,,,,,,,,,,,,,,,,,,,,,,,,,,,,,,,,,,,,,,,,,,,,,,,,,,,,,,,,,,,,,,,,,,,,,,,,,,,,,,,,,,,,,
Dombivali,1714502,T004,3052471,1,,B,B,,,C,A,B,A,A,C,D,A,,C,A,B,D,D,C,C,B,A,,C,B,A,C,A,A,,B,D,B,,B,,,A,,A,C,C,,B,,A,C,D,C,,B,B,D,A,,D,D,,,A,B,A,B,A,B,A,B,A,,,,,B,,A,D,,,,,,,,,A,,D,,C,,,,,,,,,,,,,,,,,,,,,,,,,,,,,,,,,,,,,,,,,,,,,,,,,,,,,,,,,,,,,,,,,,,,,,,,,,,,,,,,,,,,,,,,,,,,,,,,,,,,,,,,,,,,,,,
Dombivali,1714501,T004,3052471,1,,C,B,,,A,,,,C,C,,A,,,A,B,,,,D,,,,,,,C,A,,D,,C,,A,,,C,C,A,A,A,B,,,,D,,,,C,C,B,C,B,D,,,,,,,,,,,,,,,B,,,,,,,,,,,,,,,,,,B,D,,,,,,,,,,,,,,,,,,,,,,,,,,,,,,,,,,,,,,,,,,,,,,,,,,,,,,,,,,,,,,,,,,,,,,,,,,,,,,,,,,,,,,,,,,,,,,,,,,,,,,,,,,,,,,,
Ghatkopar,1715505,T009,3052471,1,,B,D,D,B,A,,,D,B,D,A,B,C,C,A,B,D,B,C,D,B,A,C,C,C,,D,A,A,D,B,,D,C,B,B,C,,,,C,B,A,D,,A,C,,C,,C,B,C,A,D,D,C,A,,D,B,A,B,A,B,D,B,A,C,B,C,,B,B,B,D,,,,C,A,A,D,,A,,C,B,,B,,,,,,,,,,,,,,,,,,,,,,,,,,,,,,,,,,,,,,,,,,,,,,,,,,,,,,,,,,,,,,,,,,,,,,,,,,,,,,,,,,,,,,,,,,,,,,,,,,,,,,,,,,,,,,
Ghatkopar,1715512,T009,3052471,1,,B,B,A,,A,,,,B,D,A,B,C,C,A,B,,D,C,D,,,C,C,C,,C,A,A,,,C,D,C,B,B,,C,,A,,A,C,,A,A,D,,C,,D,B,C,A,C,D,C,D,C,D,B,A,B,A,B,D,B,A,,B,,,B,C,,A,A,D,,C,,A,,,A,,C,B,C,,,,,,,,,,,,,,,,,,,,,,,,,,,,,,,,,,,,,,,,,,,,,,,,,,,,,,,,,,,,,,,,,,,,,,,,,,,,,,,,,,,,,,,,,,,,,,,,,,,,,,,,,,,,,,,
Ghatkopar,1715519,T009,3052471,1,,B,,B,,,A,,B,B,D,A,B,C,C,A,A,C,D,C,D,B,A,C,C,,B,C,A,,,,D,D,C,B,,,C,A,,C,C,C,D,,D,C,C,C,,C,B,,A,B,D,D,,,D,B,A,B,A,B,D,B,A,C,B,C,,A,C,C,A,A,,C,C,C,A,D,,A,A,B,B,C,,,,,,,,,,,,,,,,,,,,,,,,,,,,,,,,,,,,,,,,,,,,,,,,,,,,,,,,,,,,,,,,,,,,,,,,,,,,,,,,,,,,,,,,,,,,,,,,,,,,,,,,,,,,,,,
Ghatkopar,1715520,T009,3052471,1,,B,A,B,D,A,B,B,D,A,C,D,B,C,C,D,C,B,D,C,D,B,A,D,C,,C,C,A,C,D,B,A,A,D,A,A,,C,D,A,C,B,C,D,A,D,C,D,C,D,B,B,C,A,D,D,C,A,,D,B,A,,A,A,,B,A,A,B,A,,C,C,C,A,A,,,C,A,,,,A,C,C,B,C,C,,,,,,,,,,,,,,,,,,,,,,,,,,,,,,,,,,,,,,,,,,,,,,,,,,,,,,,,,,,,,,,,,,,,,,,,,,,,,,,,,,,,,,,,,,,,,,,,,,,,,,,,,,,,,,
Ghatkopar,1715517,T009,3052471,1,,A,B,A,A,C,A,D,D,B,D,A,B,C,C,A,B,C,D,C,D,B,A,A,C,C,A,C,A,A,D,,D,B,,B,A,,C,D,A,C,C,,D,,A,C,B,C,,D,A,C,A,,D,,A,C,,B,A,B,A,A,D,,A,C,,,,,,C,A,,A,,C,A,A,,,A,,D,D,C,A,,,,,,,,,,,,,,,,,,,,,,,,,,,,,,,,,,,,,,,,,,,,,,,,,,,,,,,,,,,,,,,,,,,,,,,,,,,,,,,,,,,,,,,,,,,,,,,,,,,,,,,,,,,,,,
Ghatkopar,1715526,T009,3052471,1,,B,A,,D,,,B,D,D,D,A,B,,A,A,B,B,D,B,D,A,,C,C,,B,C,A,A,,,C,D,A,,,,C,D,A,C,B,A,D,A,C,C,,C,,B,B,A,A,D,,,,,,B,A,,A,,,,,A,B,A,,,,A,A,C,,,C,A,A,C,,A,,C,B,D,C,,,,,,,,,,,,,,,,,,,,,,,,,,,,,,,,,,,,,,,,,,,,,,,,,,,,,,,,,,,,,,,,,,,,,,,,,,,,,,,,,,,,,,,,,,,,,,,,,,,,,,,,,,,,,,
Ghatkopar,1715523,T009,3052471,1,,B,B,A,B,C,B,D,A,D,C,,B,C,A,C,B,C,A,B,B,,,C,C,,A,D,A,C,D,A,B,,A,C,A,C,C,D,B,C,B,D,,C,D,C,C,,D,A,D,C,A,D,A,B,,A,B,,C,B,B,D,A,,B,C,A,C,A,A,,B,C,B,,A,A,D,C,,,A,D,B,B,C,B,,,,,,,,,,,,,,,,,,,,,,,,,,,,,,,,,,,,,,,,,,,,,,,,,,,,,,,,,,,,,,,,,,,,,,,,,,,,,,,,,,,,,,,,,,,,,,,,,,,,,,,,,,,,,,
Ghatkopar,1715522,T009,3052471,1,,A,,,D,D,A,B,,C,C,D,B,,,,A,B,,D,D,A,A,C,C,,,B,,,,,,,A,B,,,A,,A,C,,,C,,,C,,C,D,C,B,C,A,C,D,,B,,B,B,A,B,A,,D,,A,,B,B,,A,C,A,A,B,,,C,,,D,A,B,,D,B,C,,,,,,,,,,,,,,,,,,,,,,,,,,,,,,,,,,,,,,,,,,,,,,,,,,,,,,,,,,,,,,,,,,,,,,,,,,,,,,,,,,,,,,,,,,,,,,,,,,,,,,,,,,,,,,,
Ghatkopar,1715518,T009,3052471,1,,A,B,A,,C,A,D,A,,,,B,C,C,A,B,C,D,,D,C,,A,C,C,B,C,A,A,D,,D,B,A,B,,C,,D,A,C,C,,,,A,C,,C,,C,A,D,A,,D,,,C,A,B,A,B,A,,A,,A,C,,,,,,A,A,,A,,C,A,A,,,A,,,D,C,,,,,,,,,,,,,,,,,,,,,,,,,,,,,,,,,,,,,,,,,,,,,,,,,,,,,,,,,,,,,,,,,,,,,,,,,,,,,,,,,,,,,,,,,,,,,,,,,,,,,,,,,,,,,,,
Ghatkopar,1715514,T009,3052471,1,,B,B,,,,,,,,,,,,,,,,,,D,,,,,,,D,,,,,,,A,,,,,,D,,,,,,,,B,C,,D,C,,,,,,,C,A,B,A,A,,,,,A,,,,,,,,,,,,D,A,A,,B,,,C,C,A,,,,,,,,,,,,,,,,,,,,,,,,,,,,,,,,,,,,,,,,,,,,,,,,,,,,,,,,,,,,,,,,,,,,,,,,,,,,,,,,,,,,,,,,,,,,,,,,,,,,,,,,,,,,,,,
Ghatkopar,1715510,T009,3052471,1,,B,B,,D,C,,A,B,,,,B,,D,,B,A,D,B,D,D,,C,C,C,B,C,,A,A,,,A,D,B,A,C,C,C,B,C,A,,D,,A,,,C,,B,A,A,A,D,,C,,,C,B,B,B,,,,,A,,,,,B,,A,A,,B,A,A,,,B,B,,D,B,,,,,,,,,,,,,,,,,,,,,,,,,,,,,,,,,,,,,,,,,,,,,,,,,,,,,,,,,,,,,,,,,,,,,,,,,,,,,,,,,,,,,,,,,,,,,,,,,,,,,,,,,,,,,,,,,
Ghatkopar,1715509,T009,3052471,1,,C,B,C,,,B,C,A,,A,,B,C,D,C,B,,A,A,D,,,,C,,,A,,A,,,,B,,,,,C,A,D,C,,,D,,,,,,,,,,A,D,,,C,,C,,A,B,A,D,,D,A,,,,,,,A,,,,,B,,,,A,,,B,A,,B,,,,,,,,,,,,,,,,,,,,,,,,,,,,,,,,,,,,,,,,,,,,,,,,,,,,,,,,,,,,,,,,,,,,,,,,,,,,,,,,,,,,,,,,,,,,,,,,,,,,,,,,,,,,,,
Ghatkopar,1715508,T009,3052471,1,,A,B,A,,C,B,D,B,B,,,B,,C,A,B,C,D,C,D,B,A,A,C,C,B,C,A,A,,,,,A,B,,,C,D,B,C,C,,D,,A,C,B,C,,C,A,C,A,,D,,A,C,A,B,A,C,,,,,,,,A,,,,,A,,A,,D,A,A,,,A,A,D,,C,A,,,,,,,,,,,,,,,,,,,,,,,,,,,,,,,,,,,,,,,,,,,,,,,,,,,,,,,,,,,,,,,,,,,,,,,,,,,,,,,,,,,,,,,,,,,,,,,,,,,,,,,,,,,,,,
Ghatkopar,1715504,T009,3052471,1,,,B,,C,,,,A,B,C,A,B,,D,,B,,,D,D,,,D,C,,,C,,,,B,,,A,,,,C,,,C,D,,,,,,,,,,,B,,,,C,,,A,,A,B,A,,,B,A,,,,,A,,A,C,,,,,C,A,D,,,,,,B,,,,,,,,,,,,,,,,,,,,,,,,,,,,,,,,,,,,,,,,,,,,,,,,,,,,,,,,,,,,,,,,,,,,,,,,,,,,,,,,,,,,,,,,,,,,,,,,,,,,,,,,,,,,,,,
Ghatkopar,1715501,T009,3052471,1,,B,B,B,C,,,A,A,D,,,B,A,D,,B,,C,D,D,,,,C,,,C,,,,,,,A,,,,C,A,,C,B,A,A,,C,C,B,C,D,B,B,A,A,D,B,,,A,D,,,,,,,,,,B,C,D,,,,,,,D,C,,A,A,A,,,,,,,,,,,,,,,,,,,,,,,,,,,,,,,,,,,,,,,,,,,,,,,,,,,,,,,,,,,,,,,,,,,,,,,,,,,,,,,,,,,,,,,,,,,,,,,,,,,,,,,,,,,,,,,,,,,,
Ghatkopar,1715560,T009,3052471,1,,,B,B,A,,,,B,B,D,A,B,,C,,A,B,D,C,D,A,,C,C,,C,C,,D,D,B,,D,A,,A,B,A,B,,B,,B,D,,D,D,,C,,C,B,C,A,B,D,D,,,B,B,A,B,A,,,B,A,C,,C,,D,C,B,C,,A,,D,,,,,A,D,A,,,,,,,,,,,,,,,,,,,,,,,,,,,,,,,,,,,,,,,,,,,,,,,,,,,,,,,,,,,,,,,,,,,,,,,,,,,,,,,,,,,,,,,,,,,,,,,,,,,,,,,,,,,,,,,,,
Ghatkopar,1715531,T009,3052471,1,,B,B,,,,,D,,,,,B,,C,,B,C,,C,D,B,,C,C,,,C,A,,,,,D,C,B,A,,D,,A,C,,,D,,D,,D,,,D,A,D,A,B,D,B,,,D,B,A,B,,A,D,B,B,,B,,,C,,B,A,,A,,,A,,,,B,,C,B,C,,,,,,,,,,,,,,,,,,,,,,,,,,,,,,,,,,,,,,,,,,,,,,,,,,,,,,,,,,,,,,,,,,,,,,,,,,,,,,,,,,,,,,,,,,,,,,,,,,,,,,,,,,,,,,,
Ghatkopar,1715544,T009,3052471,1,,B,,B,B,,,D,A,B,D,A,,C,C,A,B,B,D,C,D,B,A,,C,,B,C,C,A,,,,D,A,B,B,,A,,,C,,,D,,A,C,,C,D,D,A,,A,,D,D,,D,C,B,A,B,A,B,D,B,A,,,,,C,,B,A,A,,,B,A,,C,A,A,,,B,C,A,,,,,,,,,,,,,,,,,,,,,,,,,,,,,,,,,,,,,,,,,,,,,,,,,,,,,,,,,,,,,,,,,,,,,,,,,,,,,,,,,,,,,,,,,,,,,,,,,,,,,,,,,,,,,,
Ghatkopar,1715533,T009,3052471,1,,B,B,D,B,A,A,C,D,B,D,A,B,C,C,A,B,C,D,C,D,B,A,,C,,B,C,A,A,D,,D,D,C,B,B,A,C,,A,C,A,,D,A,A,C,C,C,,D,A,D,A,B,D,,,,C,B,A,B,A,B,C,,A,C,B,,,B,C,C,A,,A,,C,A,,C,,,,C,B,,A,,,,,,,,,,,,,,,,,,,,,,,,,,,,,,,,,,,,,,,,,,,,,,,,,,,,,,,,,,,,,,,,,,,,,,,,,,,,,,,,,,,,,,,,,,,,,,,,,,,,,,,,,,,,,,
Ghatkopar,1715535,T009,3052471,1,,B,B,,D,,,D,A,B,D,A,,,C,A,B,C,D,,D,B,A,,C,,,C,A,B,A,D,D,D,B,B,B,,,,,C,,B,C,,D,C,,C,,C,B,,,D,D,D,,,B,B,A,B,A,D,,B,A,C,B,,,C,C,,A,,,,C,A,,,,A,,B,B,,,,,,,,,,,,,,,,,,,,,,,,,,,,,,,,,,,,,,,,,,,,,,,,,,,,,,,,,,,,,,,,,,,,,,,,,,,,,,,,,,,,,,,,,,,,,,,,,,,,,,,,,,,,,,,,
Ghatkopar,1715547,T009,3052471,1,,B,,A,C,,,,A,B,D,A,B,B,C,A,B,B,D,C,D,B,,,C,C,A,C,,B,D,,D,A,C,B,A,,C,D,A,C,C,,D,A,A,D,C,C,,D,B,C,A,B,D,C,,B,D,B,A,B,A,D,D,B,A,C,B,,,C,C,A,A,,A,,C,A,A,,,A,A,C,B,C,D,,,,,,,,,,,,,,,,,,,,,,,,,,,,,,,,,,,,,,,,,,,,,,,,,,,,,,,,,,,,,,,,,,,,,,,,,,,,,,,,,,,,,,,,,,,,,,,,,,,,,,,,,,,,,,
Ghatkopar,1715541,T009,3052471,1,,B,B,A,,C,,,D,B,B,A,B,C,C,B,B,B,D,C,D,,A,C,C,C,B,C,,A,,,D,D,C,B,A,B,C,,,D,,A,,,A,C,B,C,,D,A,C,A,B,D,C,,,C,B,A,,,,D,B,A,C,,A,,B,C,D,A,,A,,C,A,A,,,,A,,D,C,,,,,,,,,,,,,,,,,,,,,,,,,,,,,,,,,,,,,,,,,,,,,,,,,,,,,,,,,,,,,,,,,,,,,,,,,,,,,,,,,,,,,,,,,,,,,,,,,,,,,,,,,,,,,,,
Ghatkopar,1715529,T009,3052471,1,,B,,,,C,,C,B,B,D,A,B,C,D,A,A,B,D,C,D,B,A,D,C,,A,C,,A,D,,,D,,B,A,,C,A,B,C,,B,,,A,C,,C,,D,A,D,,,B,D,,,B,,A,B,A,,D,B,A,C,,,,,C,,A,,A,,C,,,,,,,,,C,,,,,,,,,,,,,,,,,,,,,,,,,,,,,,,,,,,,,,,,,,,,,,,,,,,,,,,,,,,,,,,,,,,,,,,,,,,,,,,,,,,,,,,,,,,,,,,,,,,,,,,,,,,,,,,
Ghatkopar,1715543,T009,3052471,1,,B,,C,,A,,,D,A,,,B,A,C,,B,C,D,C,D,B,A,C,C,,C,C,,,A,,,B,,C,,A,,B,,C,,,B,,B,D,,C,,C,B,C,A,,,B,,,D,A,,B,D,,,,A,,,,,,,A,A,,C,,,,,B,,D,,C,,,,,,,,,,,,,,,,,,,,,,,,,,,,,,,,,,,,,,,,,,,,,,,,,,,,,,,,,,,,,,,,,,,,,,,,,,,,,,,,,,,,,,,,,,,,,,,,,,,,,,,,,,,,,,,,,
Mulund,1718522,T012,3052471,1,,,,B,,D,D,B,A,,,,B,A,C,B,A,C,,A,C,,,,,,,C,B,,C,,,,A,,A,,B,,A,,,,A,,B,A,,,A,D,,,B,B,,,,,A,,,B,,,,,A,,,,,,,,,,,A,,,,,,A,,,,C,,,,,,,,,,,,,,,,,,,,,,,,,,,,,,,,,,,,,,,,,,,,,,,,,,,,,,,,,,,,,,,,,,,,,,,,,,,,,,,,,,,,,,,,,,,,,,,,,,,,,,,,,,,,,,,
Mulund,1718502,T012,3052471,1,,A,,,,,,,A,C,C,D,,,C,D,A,,,B,D,,,,C,,B,C,,,D,,,D,,,,,C,,,A,,,,,,D,,,,,,,,,,,,,A,,A,,,,C,,A,,,,,D,,A,A,,,,C,,,,,,,,,D,,,,,,,,,,,,,,,,,,,,,,,,,,,,,,,,,,,,,,,,,,,,,,,,,,,,,,,,,,,,,,,,,,,,,,,,,,,,,,,,,,,,,,,,,,,,,,,,,,,,,,,,,,,,,,,
Mulund,1718516,T012,3052471,1,,C,,D,,D,B,A,B,,,,C,,D,B,A,,,B,C,D,,D,C,,A,B,A,,,,,,A,,A,,C,A,A,C,A,B,,,D,C,,,,D,A,A,B,,,D,,,,,A,,,,D,B,A,,,,C,,C,A,A,,,A,,C,,,,B,,C,B,D,,,,,,,,,,,,,,,,,,,,,,,,,,,,,,,,,,,,,,,,,,,,,,,,,,,,,,,,,,,,,,,,,,,,,,,,,,,,,,,,,,,,,,,,,,,,,,,,,,,,,,,,,,,,,,,
Mulund,1718523,T012,3052471,1,,A,,,,,,D,,,,,,,,,,,,,,,,,,,,,,,,,,,B,B,D,,,C,C,A,,,,,,D,,,,,,,,,,,,,A,,A,,,,,,,,,,,D,,C,,,D,,,C,,C,,,,,,D,,,,,,,,,,,,,,,,,,,,,,,,,,,,,,,,,,,,,,,,,,,,,,,,,,,,,,,,,,,,,,,,,,,,,,,,,,,,,,,,,,,,,,,,,,,,,,,,,,,,,,,,,,,,,,,
Mulund,1718503,T012,3052471,1,,B,B,C,,,,,B,,,,,,D,,B,B,,,D,,,C,B,,B,C,,A,,,,A,A,C,,,,A,A,,,C,D,,A,,D,A,,,B,,A,C,D,,C,,B,,A,B,,,,A,,,,,,C,,B,,,A,,,C,,,B,,,C,,,,,,,,,,,,,,,,,,,,,,,,,,,,,,,,,,,,,,,,,,,,,,,,,,,,,,,,,,,,,,,,,,,,,,,,,,,,,,,,,,,,,,,,,,,,,,,,,,,,,,,,,,,,,,,,,
Mulund,1718526,T012,3052471,1,,B,,,A,,,,,,B,,,,,A,C,,,,B,C,D,D,,,,,,,,,A,B,,D,,,,A,A,,C,,,,,,A,,,,,A,,,B,,,,,,A,,,,,B,,,,B,,,C,,,,A,,,C,,,,,B,,,,A,,,,,,,,,,,,,,,,,,,,,,,,,,,,,,,,,,,,,,,,,,,,,,,,,,,,,,,,,,,,,,,,,,,,,,,,,,,,,,,,,,,,,,,,,,,,,,,,,,,,,,,,,,,,,,
Mulund,1718524,T012,3052471,1,,D,B,B,,,,D,A,,,,D,C,C,,C,,,A,D,,,,C,,C,D,,,,,C,A,,B,,,A,A,A,D,B,,,,A,,B,C,,B,B,D,D,,D,C,,C,C,,A,B,,B,,C,,,,,C,D,,A,A,,,D,,,,,,A,,,A,C,A,,,,,,,,,,,,,,,,,,,,,,,,,,,,,,,,,,,,,,,,,,,,,,,,,,,,,,,,,,,,,,,,,,,,,,,,,,,,,,,,,,,,,,,,,,,,,,,,,,,,,,,,,,,,,,
Mulund,1718514,T012,3052471,1,,,,,,,C,A,B,D,A,B,C,,,,D,D,,B,A,,A,,,,,C,,,,,,,,,,,C,C,A,,,,,,,C,D,,C,,,A,C,D,D,B,,,,,,C,,,,C,,,,,,,,A,,,,,,,,,,,,,,,,,,,,,,,,,,,,,,,,,,,,,,,,,,,,,,,,,,,,,,,,,,,,,,,,,,,,,,,,,,,,,,,,,,,,,,,,,,,,,,,,,,,,,,,,,,,,,,,,,,,,,,,,,,,,,
Mulund,1718510,T012,3052471,1,,D,,B,,,,A,B,C,C,D,B,C,C,,,,,C,D,,,C,C,,,C,,,,,,,,B,B,,C,B,A,B,,,,,D,,D,C,C,D,B,,A,B,D,,,,B,,A,B,A,,,A,,,D,,C,A,,,A,,,,,,,,,A,,,,C,,,,,,,,,,,,,,,,,,,,,,,,,,,,,,,,,,,,,,,,,,,,,,,,,,,,,,,,,,,,,,,,,,,,,,,,,,,,,,,,,,,,,,,,,,,,,,,,,,,,,,,,,,,,,,,
Mulund,1718509,T012,3052471,1,,,,,,,,B,A,A,C,D,,B,C,A,B,C,D,,D,B,A,D,C,B,C,C,A,A,D,,B,A,C,D,C,,C,C,,B,D,A,,,D,C,,C,,B,A,C,A,D,D,B,,C,C,,A,B,A,D,A,,A,,,,,,,,,,,,,,,,,,,,,,,,,,,,,,,,,,,,,,,,,,,,,,,,,,,,,,,,,,,,,,,,,,,,,,,,,,,,,,,,,,,,,,,,,,,,,,,,,,,,,,,,,,,,,,,,,,,,,,,,,,,,,,,,,,,,
Mulund,1718508,T012,3052471,1,,,,,B,,,,,,,,,,C,A,A,,D,C,D,A,,,C,,B,D,C,,,,,,A,B,C,,A,,,C,,,,,A,C,,C,,D,A,,A,,D,C,,,B,,A,A,,,,B,A,,B,,,C,,A,A,,,,B,,,,,,,,,,,,,,,,,,,,,,,,,,,,,,,,,,,,,,,,,,,,,,,,,,,,,,,,,,,,,,,,,,,,,,,,,,,,,,,,,,,,,,,,,,,,,,,,,,,,,,,,,,,,,,,,,,,,,,,,
Mulund,1718527,T012,3052471,1,,C,,B,D,,,C,A,C,D,A,B,D,D,D,B,C,,C,D,,A,C,C,,A,C,,,D,A,,,D,D,,,D,D,B,B,,,D,,A,D,D,C,,B,A,C,B,D,D,C,,,C,,A,B,,,,A,C,,,,,,,,,,,B,,,,,,,,,,,,,,,,,,,,,,,,,,,,,,,,,,,,,,,,,,,,,,,,,,,,,,,,,,,,,,,,,,,,,,,,,,,,,,,,,,,,,,,,,,,,,,,,,,,,,,,,,,,,,,,,,,,,,,,,,
Mulund,1718528,T012,3052471,1,,A,A,D,,,,C,D,A,C,D,,,C,,D,C,,C,C,A,A,A,C,,,,,,,,,,,,,,C,C,B,,D,C,,,D,,,C,,C,A,B,A,,,B,,,B,,A,,,,A,B,A,,B,,,,,B,A,,,,,,,,,,,C,,C,,,,,,,,,,,,,,,,,,,,,,,,,,,,,,,,,,,,,,,,,,,,,,,,,,,,,,,,,,,,,,,,,,,,,,,,,,,,,,,,,,,,,,,,,,,,,,,,,,,,,,,,,,,,,,,
Mulund,1718518,T012,3052471,1,,B,B,,,,A,D,A,B,D,A,B,C,C,A,B,B,D,C,D,B,A,C,C,C,A,D,A,A,D,,,D,C,B,,,C,,A,C,C,C,D,,A,C,,C,,D,B,D,A,,D,D,,D,D,,A,B,,,A,B,A,C,B,,,,C,,,,,,,,,,,A,,,B,C,,,,,,,,,,,,,,,,,,,,,,,,,,,,,,,,,,,,,,,,,,,,,,,,,,,,,,,,,,,,,,,,,,,,,,,,,,,,,,,,,,,,,,,,,,,,,,,,,,,,,,,,,,,,,,,
Mulund,1718515,T012,3052471,1,,B,A,D,B,,B,B,,C,A,,B,C,C,,B,,B,C,C,,,,,,,,,,,A,D,,D,,A,,B,A,A,,B,,,,C,,B,,,,,,,,,,,,,,,,,,,,,,,,,,,,,,,,,,,,,,,,,,,,,,,,,,,,,,,,,,,,,,,,,,,,,,,,,,,,,,,,,,,,,,,,,,,,,,,,,,,,,,,,,,,,,,,,,,,,,,,,,,,,,,,,,,,,,,,,,,,,,,,,,,,,,,,,
Nerul,1719533,T006,3052471,1,,,B,B,,C,,,,D,,,,C,,D,B,C,D,C,D,,A,,C,,,C,A,,,,C,,A,,,,D,,A,,,,,,D,D,C,C,B,C,,D,A,B,,D,,,A,,,,,,,,,,,,,B,,A,A,,,,,,,,,,,,,,,,,,,,,,,,,,,,,,,,,,,,,,,,,,,,,,,,,,,,,,,,,,,,,,,,,,,,,,,,,,,,,,,,,,,,,,,,,,,,,,,,,,,,,,,,,,,,,,,,,,,,,,,,,,,,
Nerul,1719537,T006,3052471,1,,C,B,B,,,,,A,C,C,D,B,,D,C,B,,D,C,D,,,,C,,,,,A,,,,D,A,,,,C,,B,,C,,,,,,,,,,D,,A,,,,,,C,,,,A,,,B,A,,,,,,,,A,,,,,,,,,,,,,C,,,,,,,,,,,,,,,,,,,,,,,,,,,,,,,,,,,,,,,,,,,,,,,,,,,,,,,,,,,,,,,,,,,,,,,,,,,,,,,,,,,,,,,,,,,,,,,,,,,,,,,,,,,,,,,
Nerul,1719542,T006,3052471,1,,C,,,,,,,A,C,C,D,B,D,C,B,B,,D,C,D,,,,C,,,,,A,,,,D,A,,,,C,,B,,C,,,,,,,,,,D,,A,,,,,,C,,,,A,,,B,A,,,,,,,,A,,,,,,,,,,,,,C,,,,,,,,,,,,,,,,,,,,,,,,,,,,,,,,,,,,,,,,,,,,,,,,,,,,,,,,,,,,,,,,,,,,,,,,,,,,,,,,,,,,,,,,,,,,,,,,,,,,,,,,,,,,,,,
Nerul,1719551,T006,3052471,1,,,B,B,,C,,,,D,,C,C,,B,B,C,D,,,A,,,B,C,D,B,,C,,A,,C,,A,,,,D,,A,,,,,D,D,C,B,B,C,D,A,C,D,A,B,,,D,,A,C,,D,,D,,B,,,,,,,A,B,A,,,,,,,,,,,,,,,,,,,,,,,,,,,,,,,,,,,,,,,,,,,,,,,,,,,,,,,,,,,,,,,,,,,,,,,,,,,,,,,,,,,,,,,,,,,,,,,,,,,,,,,,,,,,,,,,,,,,,,,,,,,
Nerul,1719544,T006,3052471,1,,A,B,B,,,,,A,C,C,D,B,,D,C,B,,D,C,D,B,,,C,,,C,,A,,,,D,A,,,,C,,B,,C,,,,,,,,,,D,,A,,,,,,C,,,,A,,,B,A,,,,,,,,A,,,,,,,,,,,,,C,,,,,,,,,,,,,,,,,,,,,,,,,,,,,,,,,,,,,,,,,,,,,,,,,,,,,,,,,,,,,,,,,,,,,,,,,,,,,,,,,,,,,,,,,,,,,,,,,,,,,,,,,,,,,,,
Nerul,1719553,T006,3052471,1,,,B,B,,C,,,,D,,C,C,,B,B,C,D,,,A,,,B,C,D,B,,C,,A,,C,,,,,,D,,A,,,,,D,D,C,*,B,C,D,A,C,D,A,B,,,D,,A,C,,D,,D,,B,,,,,,,A,B,A,,,,,,,,,,,,,,,,,,,,,,,,,,,,,,,,,,,,,,,,,,,,,,,,,,,,,,,,,,,,,,,,,,,,,,,,,,,,,,,,,,,,,,,,,,,,,,,,,,,,,,,,,,,,,,,,,,,,,,,,,,,
Nerul,1719547,T006,3052471,1,,B,B,B,,,,,A,C,C,D,B,,D,C,B,,D,C,D,B,,,C,,,C,,A,,,,D,A,,,,C,,B,,C,,,,,,,,,,D,,A,,,C,,,,,,,A,,,B,A,,,,,,,,A,,,,,,,,,,,,,C,,,,,,,,,,,,,,,,,,,,,,,,,,,,,,,,,,,,,,,,,,,,,,,,,,,,,,,,,,,,,,,,,,,,,,,,,,,,,,,,,,,,,,,,,,,,,,,,,,,,,,,,,,,,,,,
Nerul,1719504,T006,3052471,1,,C,B,B,,,,,A,C,C,D,B,,D,C,B,,D,C,D,B,,,C,,,C,,A,,,D,,A,,,,,,A,D,,,,,D,C,C,C,,,A,,,,,,,,,C,,,,,A,,,,,,,,,,C,,,D,,,,,,,,D,,,,,,,,,,,,,,,,,,,,,,,,,,,,,,,,,,,,,,,,,,,,,,,,,,,,,,,,,,,,,,,,,,,,,,,,,,,,,,,,,,,,,,,,,,,,,,,,,,,,,,,,,,,,,,,,,
Nerul,1719513,T006,3052471,1,,A,,,,,,,,,,,B,,C,,,,D,C,D,,,,,,,,,,,,,D,A,,,,C,,B,B,C,,,,C,C,,C,,,D,D,A,D,,D,,,C,,,B,A,,,B,A,,,,,,C,,A,D,,,,A,,B,,,,A,,C,,,,,,,,,,,,,,,,,,,,,,,,,,,,,,,,,,,,,,,,,,,,,,,,,,,,,,,,,,,,,,,,,,,,,,,,,,,,,,,,,,,,,,,,,,,,,,,,,,,,,,,,,,,,,,,
Nerul,1719503,T006,3052471,1,,C,B,A,,,,,A,C,C,D,B,,D,C,B,,D,C,D,B,,,C,,,C,,A,,,D,,A,A,A,,C,,A,D,B,B,,,D,C,C,C,,,A,,,,,,,,,C,A,,,,A,,,,,,,,,,C,,,D,,,,,,,,D,,,,,,,,,,,,,,,,,,,,,,,,,,,,,,,,,,,,,,,,,,,,,,,,,,,,,,,,,,,,,,,,,,,,,,,,,,,,,,,,,,,,,,,,,,,,,,,,,,,,,,,,,,,,,,,,,
Nerul,1719539,T006,3052471,1,,C,B,B,,,,,,C,C,D,B,,D,C,B,,D,C,D,B,,,C,,,,,,,,D,,A,,A,C,,,A,D,A,,D,,B,C,C,C,,,A,A,A,,,,,,B,,A,,,,A,,,,,,,,,,C,,,D,,,,,,,,D,,,,,,,,,,,,,,,,,,,,,,,,,,,,,,,,,,,,,,,,,,,,,,,,,,,,,,,,,,,,,,,,,,,,,,,,,,,,,,,,,,,,,,,,,,,,,,,,,,,,,,,,,,,,,,,,,
Nerul,1719523,T006,3052471,1,,,B,B,,,,,A,C,C,D,B,,D,C,B,,D,C,B,B,,,C,,,C,,A,,,,,,,,,,,,B,A,B,D,,B,C,C,C,,,A,A,A,,,,,,B,,A,,,,A,,,,,,,,,,C,,,D,,,,,,,,D,,,,,,,,,,,,,,,,,,,,,,,,,,,,,,,,,,,,,,,,,,,,,,,,,,,,,,,,,,,,,,,,,,,,,,,,,,,,,,,,,,,,,,,,,,,,,,,,,,,,,,,,,,,,,,,,,
Nerul,1719524,T006,3052471,1,,C,,B,,,,,,,,,B,,D,D,B,C,D,C,D,B,,,C,,,,,,,,D,,A,,A,C,,,A,D,A,,,,B,D,C,C,D,D,A,A,A,,,,,,B,,A,,,,A,B,,,,,,,,,C,D,,D,,,,,,,,D,,,,,,,,,,,,,,,,,,,,,,,,,,,,,,,,,,,,,,,,,,,,,,,,,,,,,,,,,,,,,,,,,,,,,,,,,,,,,,,,,,,,,,,,,,,,,,,,,,,,,,,,,,,,,,,,,
Nerul,1719505,T006,3052471,1,,C,,B,,,,,,,,,B,,D,,B,C,D,C,D,B,,,C,,,,,,,,D,,A,D,A,C,,,A,D,A,B,D,,B,C,C,C,D,D,A,A,A,,,,,,B,,A,,,,A,B,,,,,,,,,C,,,D,,,,,,,,D,,,,,,,,,,,,,,,,,,,,,,,,,,,,,,,,,,,,,,,,,,,,,,,,,,,,,,,,,,,,,,,,,,,,,,,,,,,,,,,,,,,,,,,,,,,,,,,,,,,,,,,,,,,,,,,,,
Panvel,1722509,T016,3052471,1,,C,,,,A,A,A,A,A,A,A,A,A,A,*,A,,,,D,,,,C,C,C,C,C,C,C,C,C,C,C,C,C,C,C,C,B,,,,C,C,C,C,C,C,C,C,C,,,,D,B,,,,,A,B,,,A,B,A,,,,,,,A,A,A,A,A,A,A,A,A,A,A,,,,,,,,,,,,,,,,,,,,,,,,,,,,,,,,,,,,,,,,,,,,,,,,,,,,,,,,,,,,,,,,,,,,,,,,,,,,,,,,,,,,,,,,,,,,,,,,,,,,,,,,,,,,,,,,,,,
Panvel,1722529,T016,3052471,1,,A,C,,C,A,,D,A,B,D,A,B,,C,D,B,,D,C,D,B,,C,,,,C,A,A,D,,D,D,A,A,C,B,C,,,B,C,C,D,,A,B,,C,,D,A,C,A,C,,,,,C,B,A,B,A,,D,,A,,,,,B,,A,A,,,,C,,,,,A,,C,,,D,,,,,,,,,,,,,,,,,,,,,,,,,,,,,,,,,,,,,,,,,,,,,,,,,,,,,,,,,,,,,,,,,,,,,,,,,,,,,,,,,,,,,,,,,,,,,,,,,,,,,,,,,,,,,,
Panvel,1722511,T016,3052471,1,,D,B,B,,,,,B,,A,C,,D,D,,B,C,,C,D,,,,C,,C,C,,,,A,,,D,,,,B,C,A,A,,,D,,,,,C,D,,D,C,A,,D,,,D,D,,A,B,,,,A,,C,,,,B,,C,A,,,,,C,,,,A,,,A,,,,,,,,,,,,,,,,,,,,,,,,,,,,,,,,,,,,,,,,,,,,,,,,,,,,,,,,,,,,,,,,,,,,,,,,,,,,,,,,,,,,,,,,,,,,,,,,,,,,,,,,,,,,,,,,
Panvel,1722523,T016,3052471,1,,D,,D,,,,D,B,C,C,,B,,D,,B,C,D,,D,,B,,C,,,C,,,,,,A,,,C,,,,A,A,,,,,A,,,,,,A,C,A,B,,B,,,A,,A,B,A,,,A,A,,,,,,C,,A,,,,,,,,,A,,,B,,,,,,,,,,,,,,,,,,,,,,,,,,,,,,,,,,,,,,,,,,,,,,,,,,,,,,,,,,,,,,,,,,,,,,,,,,,,,,,,,,,,,,,,,,,,,,,,,,,,,,,,,,,,,,,,
Panvel,1722534,T016,3052471,1,,C,,,C,,,A,C,C,A,B,B,C,A,B,,,,B,,,,,C,,,,,,,,,C,D,,,,C,,D,B,B,A,,,B,C,,B,A,C,A,C,,,D,D,,,C,C,A,,,,,A,B,A,,,,A,,A,,,C,B,B,,,,,,,,,B,,,,,,,,,,,,,,,,,,,,,,,,,,,,,,,,,,,,,,,,,,,,,,,,,,,,,,,,,,,,,,,,,,,,,,,,,,,,,,,,,,,,,,,,,,,,,,,,,,,,,,,,,,,,,,,
Panvel,1722524,T016,3052471,1,,B,B,,,A,A,C,,B,D,A,B,C,C,A,B,B,D,C,D,B,A,C,C,B,A,C,,,D,,,D,D,,C,B,C,,A,C,C,C,D,,A,C,,C,,C,A,,A,,,C,,D,B,,A,,A,,,B,A,C,B,,,C,,,,,,,,,,,,A,,,,C,,,,,,,,,,,,,,,,,,,,,,,,,,,,,,,,,,,,,,,,,,,,,,,,,,,,,,,,,,,,,,,,,,,,,,,,,,,,,,,,,,,,,,,,,,,,,,,,,,,,,,,,,,,,,,,
Panvel,1722503,T016,3052471,1,,D,B,A,D,B,,A,B,,,,B,C,C,,B,,D,B,D,A,,,C,,A,C,A,D,B,,,D,D,,A,,C,,B,C,,B,C,,A,C,D,C,D,C,B,A,A,,D,C,,,B,,A,B,A,D,A,B,A,,C,,,A,,B,A,A,D,A,,C,,,,B,A,,,A,C,,,,,,,,,,,,,,,,,,,,,,,,,,,,,,,,,,,,,,,,,,,,,,,,,,,,,,,,,,,,,,,,,,,,,,,,,,,,,,,,,,,,,,,,,,,,,,,,,,,,,,,,,,,,,,
Panvel,1722530,T016,3052471,1,,B,C,C,,,A,B,C,C,A,B,B,C,,C,B,B,B,A,C,B,,,C,D,B,C,,,C,A,A,B,D,B,,B,C,,A,A,B,C,D,,A,C,B,B,A,C,A,C,,,,,,,,C,A,B,A,,A,A,,C,,,,A,,A,A,B,,,,,,C,B,B,,,C,C,C,,,,,,,,,,,,,,,,,,,,,,,,,,,,,,,,,,,,,,,,,,,,,,,,,,,,,,,,,,,,,,,,,,,,,,,,,,,,,,,,,,,,,,,,,,,,,,,,,,,,,,,,,,,,,,
Panvel,1722539,T016,3052471,1,,B,C,C,,,,B,,D,C,,,,,,B,D,,,D,,,B,,,,C,A,D,,,,,A,,,,A,,,A,,,C,,,C,,,,A,C,D,B,,,A,,,A,,,,,,,,,C,,,,,,,,,,,,,,,,,,,,,,,,,,,,,,,,,,,,,,,,,,,,,,,,,,,,,,,,,,,,,,,,,,,,,,,,,,,,,,,,,,,,,,,,,,,,,,,,,,,,,,,,,,,,,,,,,,,,,,,,,,,,,,,,,,,
Panvel,1722547,T016,3052471,1,,B,C,C,,,,A,D,,,,B,D,D,B,D,,,,B,B,,,,,,,,,,A,,,,,,A,B,,A,,A,B,B,,A,C,C,B,C,D,C,B,A,,,,,,,,,,,A,,A,B,,,,,,C,,C,,,C,D,D,,D,C,C,,A,,C,,,,,,,,,,,,,,,,,,,,,,,,,,,,,,,,,,,,,,,,,,,,,,,,,,,,,,,,,,,,,,,,,,,,,,,,,,,,,,,,,,,,,,,,,,,,,,,,,,,,,,,,,,,,,,,
Panvel,1722515,T016,3052471,1,,A,B,,,D,B,D,A,C,,,,,D,C,B,,B,B,D,B,A,C,C,,C,C,A,A,A,B,A,B,C,B,,B,C,,A,,D,C,D,,A,D,D,C,D,D,B,D,,,D,,D,,D,,A,B,A,,A,B,A,C,,,,A,,C,A,B,A,,C,,D,C,B,B,,,C,C,C,,,,,,,,,,,,,,,,,,,,,,,,,,,,,,,,,,,,,,,,,,,,,,,,,,,,,,,,,,,,,,,,,,,,,,,,,,,,,,,,,,,,,,,,,,,,,,,,,,,,,,,,,,,,,,
Panvel,1722510,T016,3052471,1,,B,D,C,,A,,B,A,C,C,D,,C,C,D,B,C,D,B,B,B,A,,C,,C,D,,A,,C,,,A,A,,,A,,,,,,,,,,,,,,,,,,,,,,B,,,B,A,,,,A,,,,,,C,A,D,,,,,,,,,,,,,,,,,,,,,,,,,,,,,,,,,,,,,,,,,,,,,,,,,,,,,,,,,,,,,,,,,,,,,,,,,,,,,,,,,,,,,,,,,,,,,,,,,,,,,,,,,,,,,,,,,,,,,,,,,,,,
Panvel,1722528,T016,3052471,1,,A,A,A,D,D,B,B,D,A,C,D,B,D,C,C,A,C,D,C,D,A,A,C,C,D,B,C,A,,A,C,C,C,C,C,C,C,C,C,C,C,C,C,C,C,C,C,C,C,C,C,C,C,C,C,C,C,C,C,C,A,B,A,B,A,B,A,B,A,B,A,B,A,B,A,B,A,B,A,B,A,B,A,B,A,B,A,B,A,B,,,,,,,,,,,,,,,,,,,,,,,,,,,,,,,,,,,,,,,,,,,,,,,,,,,,,,,,,,,,,,,,,,,,,,,,,,,,,,,,,,,,,,,,,,,,,,,,,,,,,,,,,,,,,,
Panvel,1722554,T016,3052471,1,,D,B,C,,,,A,D,,,,A,C,C,A,C,B,D,,C,A,,,A,,A,C,A,C,,A,,,A,,,B,C,A,A,C,,C,C,,,B,C,C,,C,B,C,,D,D,C,,,,,A,B,A,,D,A,A,,B,,,,,,A,,,,,,,,,,,,,,,,,,,,,,,,,,,,,,,,,,,,,,,,,,,,,,,,,,,,,,,,,,,,,,,,,,,,,,,,,,,,,,,,,,,,,,,,,,,,,,,,,,,,,,,,,,,,,,,,,,,,,,,,,,,,
Panvel,1722532,T016,3052471,1,,B,B,,,,,,A,C,C,D,B,,C,C,B,A,,B,D,B,,,C,,C,C,A,A,D,,,,C,,C,,A,A,,C,,,D,,,C,,C,,,D,B,A,,D,B,,,A,B,A,B,A,,D,A,A,C,A,C,B,A,C,A,A,A,A,,C,,,,,B,,B,,,,,,,,,,,,,,,,,,,,,,,,,,,,,,,,,,,,,,,,,,,,,,,,,,,,,,,,,,,,,,,,,,,,,,,,,,,,,,,,,,,,,,,,,,,,,,,,,,,,,,,,,,,,,,,,,
Panvel,1722542,T016,3052471,1,,,C,B,,,C,B,A,,,,,,,C,A,D,C,C,,C,,,,,A,,D,,,A,C,,,A,,,A,C,A,C,,,,,D,D,D,A,C,A,A,D,,D,,,,D,D,,,,,,,,B,,,,,,,,,,,,,,,,,,,,,,,,,,,,,,,,,,,,,,,,,,,,,,,,,,,,,,,,,,,,,,,,,,,,,,,,,,,,,,,,,,,,,,,,,,,,,,,,,,,,,,,,,,,,,,,,,,,,,,,,,,,,,,,,,,,,
Panvel,1722517,T016,3052471,1,,A,,A,B,C,B,D,C,B,D,A,B,,C,A,C,C,D,C,D,B,A,C,C,,,C,A,A,D,,,D,A,B,,B,C,,A,,,C,D,,D,C,D,C,,D,B,,,B,,C,,,B,,A,B,A,,D,A,,,B,,,,,,A,,,,C,A,,,,,,A,B,,,,,,,,,,,,,,,,,,,,,,,,,,,,,,,,,,,,,,,,,,,,,,,,,,,,,,,,,,,,,,,,,,,,,,,,,,,,,,,,,,,,,,,,,,,,,,,,,,,,,,,,,,,,,,,,
Panvel,1722538,T016,3052471,1,,C,D,B,,,,B,C,D,C,B,C,,D,C,A,C,D,C,,,,,C,,C,C,B,,,,C,D,,,A,,B,,,C,B,,,,,,,C,,,B,D,A,,,,,,B,,A,,,,,B,A,,,,,,,,,,,,,,,,,,,,,,,,,,,,,,,,,,,,,,,,,,,,,,,,,,,,,,,,,,,,,,,,,,,,,,,,,,,,,,,,,,,,,,,,,,,,,,,,,,,,,,,,,,,,,,,,,,,,,,,,,,,,,,,,,,,,
Panvel,1722540,T016,3052471,1,,A,B,D,,,B,,D,B,,,B,,D,,,B,,,A,,C,,C,,A,,,B,,B,,C,,,C,,,D,A,,,B,,,B,D,,A,D,B,,C,,,,,A,,,B,,B,A,C,,B,A,,,B,,,C,,,,A,,,,C,,,D,,D,D,,B,,,,,,,,,,,,,,,,,,,,,,,,,,,,,,,,,,,,,,,,,,,,,,,,,,,,,,,,,,,,,,,,,,,,,,,,,,,,,,,,,,,,,,,,,,,,,,,,,,,,,,,,,,,,,,
Panvel,1722520,T016,3052471,1,,B,A,A,C,A,,,A,B,D,A,B,,C,A,B,B,D,C,D,B,,C,C,C,,C,A,A,,,A,D,D,B,C,,D,,,B,A,,D,,D,C,,C,,D,A,C,A,,,C,,D,B,,A,B,A,,,B,A,,D,,B,B,C,A,A,A,,,,,,,,,,,,,C,,,,,,,,,,,,,,,,,,,,,,,,,,,,,,,,,,,,,,,,,,,,,,,,,,,,,,,,,,,,,,,,,,,,,,,,,,,,,,,,,,,,,,,,,,,,,,,,,,,,,,,,,,,,,,
Panvel,1722526,T016,3052471,1,,C,,,,,,D,,,,,C,C,,,,B,,,D,,B,,C,,A,,,,,,A,,A,D,B,A,,A,A,,B,,,,D,C,C,B,,D,B,C,,B,,C,,,B,,,B,,,,,,,B,,,,,,,,,,,,,,,,,,B,D,,,,,,,,,,,,,,,,,,,,,,,,,,,,,,,,,,,,,,,,,,,,,,,,,,,,,,,,,,,,,,,,,,,,,,,,,,,,,,,,,,,,,,,,,,,,,,,,,,,,,,,,,,,,,,,
Panvel,1722567,T016,3052471,1,,,B,B,C,,D,B,D,C,B,D,,,,,,,,,,,,,,,,,,,C,A,D,,A,B,B,B,C,,A,B,C,C,D,,D,D,D,C,D,D,D,,A,B,,,,,A,,,,,,,,,,,,,,,,A,,A,,C,A,,,,,,,,,,,,,,,,,,,,,,,,,,,,,,,,,,,,,,,,,,,,,,,,,,,,,,,,,,,,,,,,,,,,,,,,,,,,,,,,,,,,,,,,,,,,,,,,,,,,,,,,,,,,,,,,,,,,,,,
Panvel,1722506,T016,3052471,1,,,,,,A,,,A,,,,,,A,,,,,C,D,,,,,,A,C,,,,,,,,,,,,,,B,,C,D,,,,,C,D,,A,B,,,,C,,,,B,,B,,,,,A,,B,,,,,C,A,,,,,,,,,,,,,,,,,,,,,,,,,,,,,,,,,,,,,,,,,,,,,,,,,,,,,,,,,,,,,,,,,,,,,,,,,,,,,,,,,,,,,,,,,,,,,,,,,,,,,,,,,,,,,,,,,,,,,,,,,,,,
Panvel,1722522,T016,3052471,1,,,B,C,A,,C,,B,D,A,,B,,B,C,,A,,C,D,,B,,C,D,,,A,D,B,C,B,B,C,A,B,B,D,B,C,,D,B,,,A,,,,D,C,B,,A,C,D,,,,A,,A,C,,,C,,A,,,B,,C,,C,,,A,,B,B,C,D,A,B,,B,,C,A,,,,,,,,,,,,,,,,,,,,,,,,,,,,,,,,,,,,,,,,,,,,,,,,,,,,,,,,,,,,,,,,,,,,,,,,,,,,,,,,,,,,,,,,,,,,,,,,,,,,,,,,,,,,,,
Panvel,1722566,T016,3052471,1,,,,,,D,D,C,D,C,D,,C,C,C,C,D,B,B,B,C,,,,,,B,,,,,,,,,,,,,,,D,C,D,,A,,,,,,,,,,,,,,,,,,,,,D,,A,,,,,,,B,,,,,,,B,,,,,,,D,,,,,,,,,,,,,,,,,,,,,,,,,,,,,,,,,,,,,,,,,,,,,,,,,,,,,,,,,,,,,,,,,,,,,,,,,,,,,,,,,,,,,,,,,,,,,,,,,,,,,,,,,,,,,,,
Panvel,1722565,T016,3052471,1,,,,,,,,,,,,,,,,,,,,,,,,,,,,,,,,,,D,A,,,,C,,A,A,B,,A,C,,,,C,,,B,,,,,,,A,,,,B,,,C,A,A,C,,,,C,C,A,,,C,B,,C,,,,,B,C,,C,,,,,,,,,,,,,,,,,,,,,,,,,,,,,,,,,,,,,,,,,,,,,,,,,,,,,,,,,,,,,,,,,,,,,,,,,,,,,,,,,,,,,,,,,,,,,,,,,,,,,,,,,,,,,,,
Panvel,1722557,T016,3052471,1,,,,D,,,B,,,,,B,,,,,,,,C,C,,,,B,C,,,C,,,,,,,,,,,,,,D,C,D,,,,,,,,,,,,,,,,,,,B,,,,B,B,,,,B,B,,,,B,,,,,,,,,,,,C,,,,,,,,,,,,,,,,,,,,,,,,,,,,,,,,,,,,,,,,,,,,,,,,,,,,,,,,,,,,,,,,,,,,,,,,,,,,,,,,,,,,,,,,,,,,,,,,,,,,,,,,,,,,,,,
Panvel,1722548,T016,3052471,1,,,,,,,,,,,,,A,,,,,,,,D,A,,,C,C,,,,,,,,,,,,,,,,,,,,,,,,,,,A,,,,,,,,,,,,,,,,,,,,,D,,,,,,,,,,,,,,,,,,,,,,,,,,,,,,,,,,,,,,,,,,,,,,,,,,,,,,,,,,,,,,,,,,,,,,,,,,,,,,,,,,,,,,,,,,,,,,,,,,,,,,,,,,,,,,,,,,,,,,,,,,,,,,,
Panvel,1722560,T016,3052471,1,,C,B,,,,,,B,,,,C,A,C,B,,,D,C,C,A,,,,,B,,D,,,,,,,,,,C,A,A,C,,,,,,B,,,,C,A,D,A,,,,,,,,,A,,,,,A,,,,,C,C,,B,,,A,,,,,,,,,,D,,,,,,,,,,,,,,,,,,,,,,,,,,,,,,,,,,,,,,,,,,,,,,,,,,,,,,,,,,,,,,,,,,,,,,,,,,,,,,,,,,,,,,,,,,,,,,,,,,,,,,,,,,,,,,,
Panvel,1722502,T016,3052471,1,,C,B,,,,,B,,,,,,A,,,C,,D,B,D,A,,,C,,,A,,,,,,,,,,,C,,A,,,,,,D,B,,,,,A,,B,A,,,,,,,,,,,,,,,B,,,C,,,,,,A,,,,,,A,,,,C,,,,,,,,,,,,,,,,,,,,,,,,,,,,,,,,,,,,,,,,,,,,,,,,,,,,,,,,,,,,,,,,,,,,,,,,,,,,,,,,,,,,,,,,,,,,,,,,,,,,,,,,,,,,,,,
Panvel,1722555,T016,3052471,1,,B,B,,,C,,,,C,,,,B,,,,B,,,D,,,,,,A,C,,,,,,,C,,,,,,B,,,A,,,,,B,,D,,A,B,,,D,B,,,,,C,,,,C,,,,,,,,,C,,,,,,,,B,,,,,,,,,,,,,,,,,,,,,,,,,,,,,,,,,,,,,,,,,,,,,,,,,,,,,,,,,,,,,,,,,,,,,,,,,,,,,,,,,,,,,,,,,,,,,,,,,,,,,,,,,,,,,,,,,,,,,
Panvel,1722569,T016,3052471,1,,D,A,A,D,B,,,,,,,,,,,,,,A,C,,,,C,,,,B,D,,,,,,,,,,,B,C,,B,C,,A,,,,,,B,,,,,,,,,,,,,,,,,,,,,B,,,C,,D,A,B,C,,,,B,A,,,A,C,,,,,,,,,,,,,,,,,,,,,,,,,,,,,,,,,,,,,,,,,,,,,,,,,,,,,,,,,,,,,,,,,,,,,,,,,,,,,,,,,,,,,,,,,,,,,,,,,,,,,,,,,,,,,,
Panvel,1722525,T016,3052471,1,,,,,,,,,,,,,,,,,,,,B,D,,,,C,,,B,,A,C,,,,,,A,,C,,B,D,A,,,,C,B,,,,A,,B,A,,D,,,,,,A,C,,,,A,A,,,,A,A,,A,A,,,,,C,,D,,D,,,,C,,,,,,,,,,,,,,,,,,,,,,,,,,,,,,,,,,,,,,,,,,,,,,,,,,,,,,,,,,,,,,,,,,,,,,,,,,,,,,,,,,,,,,,,,,,,,,,,,,,,,,,,,,,,,,,
Panvel,1722564,T016,3052471,1,,D,,,,,,,,,,,,,,,,,,B,D,,,,C,,,C,,,,,,,,,A,,,,,C,A,,,,,D,,,,B,B,,B,,,,,,,,A,B,,,,,A,,,,,B,,,A,,,,,,,,,,,,,,,,,,,,,,,,,,,,,,,,,,,,,,,,,,,,,,,,,,,,,,,,,,,,,,,,,,,,,,,,,,,,,,,,,,,,,,,,,,,,,,,,,,,,,,,,,,,,,,,,,,,,,,,,,,,,
Panvel,1722507,T016,3052471,1,,,,,,,,,,,,,,,,,,,,B,D,,,,C,,A,C,,,,,,,,,A,,B,,B,C,A,,,,,,,,,B,B,,A,,D,,,,B,,A,C,,,,A,A,,,,,,,A,A,,,,,,,,,D,,,,C,,,,,,,,,,,,,,,,,,,,,,,,,,,,,,,,,,,,,,,,,,,,,,,,,,,,,,,,,,,,,,,,,,,,,,,,,,,,,,,,,,,,,,,,,,,,,,,,,,,,,,,,,,,,,,,
Panvel,1722508,T016,3052471,1,,,,,,,,,,,,,,,D,A,,,,A,D,,,,C,,A,C,,,,,,,,,A,,C,,B,B,A,,,,,,,,,B,B,,A,,D,,,,D,,A,C,,,,A,A,,,,,B,,A,A,,,,,,,,,C,,,,C,,,,,,,,,,,,,,,,,,,,,,,,,,,,,,,,,,,,,,,,,,,,,,,,,,,,,,,,,,,,,,,,,,,,,,,,,,,,,,,,,,,,,,,,,,,,,,,,,,,,,,,,,,,,,,,
Thane_Main,1723545,T007,3052471,1,,B,B,A,,,,,,,A,,B,C,C,A,B,C,B,,D,B,,,C,C,A,C,A,,,B,,D,,C,A,B,A,,,C,,,,,D,C,C,C,,D,B,C,A,C,D,,,,A,B,A,B,A,,D,B,A,,,,,A,,A,A,,,,C,A,A,,,,,B,A,D,,,,,,,,,,,,,,,,,,,,,,,,,,,,,,,,,,,,,,,,,,,,,,,,,,,,,,,,,,,,,,,,,,,,,,,,,,,,,,,,,,,,,,,,,,,,,,,,,,,,,,,,,,,,,,,
Thane_Main,1723527,T007,3052471,1,,B,B,,D,A,,C,A,,,,,,,A,D,C,,C,D,B,A,C,C,,C,C,A,,D,,A,D,A,A,,,A,,C,C,,,D,,D,C,,C,,,B,B,A,,D,D,,,A,C,A,B,A,A,C,B,A,,D,,A,A,,,A,A,,,C,B,,,,,,C,,C,,,,,,,,,,,,,,,,,,,,,,,,,,,,,,,,,,,,,,,,,,,,,,,,,,,,,,,,,,,,,,,,,,,,,,,,,,,,,,,,,,,,,,,,,,,,,,,,,,,,,,,,,,,,,,,
Thane_Main,1723511,T007,3052471,1,,,,B,,A,,C,D,B,D,A,,,C,,C,,D,,C,,,,C,,,C,,,D,,,,,B,A,,,,B,,,,,,,,,,,,D,,,,,,,,A,,,,A,,,B,,,,,,,C,,A,C,,A,C,,,,,,,,,,,,,,,,,,,,,,,,,,,,,,,,,,,,,,,,,,,,,,,,,,,,,,,,,,,,,,,,,,,,,,,,,,,,,,,,,,,,,,,,,,,,,,,,,,,,,,,,,,,,,,,,,,,,,,,,
Thane_Main,1723506,T007,3052471,1,,B,B,A,,A,,C,A,,,,A,C,,A,B,,C,,D,B,A,C,C,,C,C,C,B,,,A,A,A,D,,C,,,C,C,B,B,,,A,C,,C,,,B,B,A,,,D,,,,C,A,B,,A,C,,A,,B,C,,,,,A,B,,,C,,B,C,B,A,,,B,,,,,,,,,,,,,,,,,,,,,,,,,,,,,,,,,,,,,,,,,,,,,,,,,,,,,,,,,,,,,,,,,,,,,,,,,,,,,,,,,,,,,,,,,,,,,,,,,,,,,,,,,,,,,,,,
Thane_Main,1723528,T007,3052471,1,,B,,,,,B,B,A,,,,,B,,B,B,,B,A,C,B,A,C,C,,,C,B,B,D,,,B,D,D,,,C,A,B,B,D,,,,C,D,,,D,D,D,B,A,C,,B,,,A,B,,B,A,,A,B,A,,B,,,,,A,A,,,,,,,,A,C,,C,,,,,,,,,,,,,,,,,,,,,,,,,,,,,,,,,,,,,,,,,,,,,,,,,,,,,,,,,,,,,,,,,,,,,,,,,,,,,,,,,,,,,,,,,,,,,,,,,,,,,,,,,,,,,,,,,
Thane_Main,1723508,T007,3052471,1,,B,B,,D,A,,,C,C,,,,C,C,A,,C,A,C,D,D,,,A,,,,A,,,,A,D,A,A,,,B,,C,C,,,D,,B,C,,C,,B,A,,,,B,D,,,B,C,A,,A,,A,B,A,,D,,A,A,,,A,A,,,C,B,,,,A,,,,C,,,,,,,,,,,,,,,,,,,,,,,,,,,,,,,,,,,,,,,,,,,,,,,,,,,,,,,,,,,,,,,,,,,,,,,,,,,,,,,,,,,,,,,,,,,,,,,,,,,,,,,,,,,,,,,
Thane_Main,1723542,T007,3052471,1,,,B,C,,C,,B,D,D,A,,B,,,D,C,,,A,B,,,,A,,C,C,,,,C,,,D,B,,,C,A,A,,A,,B,,,D,D,A,,,C,B,B,,D,,,,D,,,A,B,B,C,,A,,,A,,A,,C,C,A,B,A,,,,,,A,,,,C,,,,,,,,,,,,,,,,,,,,,,,,,,,,,,,,,,,,,,,,,,,,,,,,,,,,,,,,,,,,,,,,,,,,,,,,,,,,,,,,,,,,,,,,,,,,,,,,,,,,,,,,,,,,,,,
Thane_Main,1723502,T007,3052471,1,,B,,,,A,,,B,B,D,A,B,,C,D,B,A,D,C,D,C,,A,C,A,,C,C,,,,C,D,,B,A,,C,A,B,A,,B,,,A,D,,,,D,A,D,,,B,D,,,B,A,,,C,,,,,,B,,,,B,,,,,,,B,,C,,A,,D,,,,,,,,,,,,,,,,,,,,,,,,,,,,,,,,,,,,,,,,,,,,,,,,,,,,,,,,,,,,,,,,,,,,,,,,,,,,,,,,,,,,,,,,,,,,,,,,,,,,,,,,,,,,,,,,,
Thane_Main,1723504,T007,3052471,1,,B,,,,,,B,B,D,,,B,,,,,B,,B,B,,,,C,,A,C,,,,,,,,,A,,C,,,B,D,,,,B,A,,A,C,C,A,,B,,,D,,,D,,,B,,,D,,A,,,,,B,,A,A,,D,D,C,,,,,B,,B,,C,,,,,,,,,,,,,,,,,,,,,,,,,,,,,,,,,,,,,,,,,,,,,,,,,,,,,,,,,,,,,,,,,,,,,,,,,,,,,,,,,,,,,,,,,,,,,,,,,,,,,,,,,,,,,,,
Thane_Main,1723532,T007,3052471,1,,D,D,D,B,B,B,B,A,C,A,B,B,C,C,,A,B,D,C,C,B,,,A,B,B,A,,B,,,,,,,,,A,,,,,,,,,,,,,,A,A,,,,,,,C,C,A,B,A,,A,B,A,,,,,D,,A,A,,,,C,B,,A,,,,D,,C,,,,,,,,,,,,,,,,,,,,,,,,,,,,,,,,,,,,,,,,,,,,,,,,,,,,,,,,,,,,,,,,,,,,,,,,,,,,,,,,,,,,,,,,,,,,,,,,,,,,,,,,,,,,,,,
Thane_Main,1723522,T007,3052471,1,,B,B,,D,A,,C,A,B,D,A,B,C,C,A,D,C,D,C,D,B,A,C,C,,C,C,,,D,,A,D,A,A,,,,,C,C,D,,D,,D,C,,C,D,D,A,C,A,D,,D,,D,A,,A,B,A,A,C,B,A,,D,,A,A,C,C,A,B,,,C,B,,,,A,C,,,C,B,,,,,,,,,,,,,,,,,,,,,,,,,,,,,,,,,,,,,,,,,,,,,,,,,,,,,,,,,,,,,,,,,,,,,,,,,,,,,,,,,,,,,,,,,,,,,,,,,,,,,,,,,,,,,,
Thane_Main,1723505,T007,3052471,1,,B,,,,A,,,B,B,D,A,B,,C,D,B,A,D,C,D,C,,A,C,A,,C,,,,,,D,,B,A,,A,A,B,A,,B,,,A,B,,,,,A,D,A,,B,D,,,B,B,A,,,,D,A,,,C,,C,,B,C,A,,A,,C,B,,,,C,,,C,C,,,,,,,,,,,,,,,,,,,,,,,,,,,,,,,,,,,,,,,,,,,,,,,,,,,,,,,,,,,,,,,,,,,,,,,,,,,,,,,,,,,,,,,,,,,,,,,,,,,,,,,,,,,,,,,
Thane_Main,1723526,T007,3052471,1,,B,,B,C,A,,C,D,B,D,A,,,C,C,C,,D,B,B,,,,C,,,C,,D,D,,,,,,,,,,B,,,,,,,,,,,,,,,,,,,,B,,,B,A,B,A,D,B,A,C,,,,C,,A,,A,,C,,,,,,,,,,,,,,,,,,,,,,,,,,,,,,,,,,,,,,,,,,,,,,,,,,,,,,,,,,,,,,,,,,,,,,,,,,,,,,,,,,,,,,,,,,,,,,,,,,,,,,,,,,,,,,,,,,,,,,,,
Thane_Main,1723541,T007,3052471,1,,,,B,,,,,,D,A,,B,C,C,D,B,,D,A,D,,,D,C,,C,C,A,C,,,,,A,,A,A,B,A,,A,,B,,,,D,B,C,,D,B,C,A,,D,B,,C,C,,A,,,,,,,,,,,B,B,A,A,,,,,,,,,,,C,,C,,,,,,,,,,,,,,,,,,,,,,,,,,,,,,,,,,,,,,,,,,,,,,,,,,,,,,,,,,,,,,,,,,,,,,,,,,,,,,,,,,,,,,,,,,,,,,,,,,,,,,,,,,,,,,,
Thane_Main,1723510,T007,3052471,1,,B,,,,C,,C,,B,B,,B,D,C,,A,B,D,C,D,B,,,B,,C,,,A,D,,,D,,B,A,,,,B,C,,B,,,A,,,C,,D,A,,,,B,,,,B,,A,B,A,,D,B,A,C,,,,,C,,A,,A,,C,,,,,,,,,C,,,,,,,,,,,,,,,,,,,,,,,,,,,,,,,,,,,,,,,,,,,,,,,,,,,,,,,,,,,,,,,,,,,,,,,,,,,,,,,,,,,,,,,,,,,,,,,,,,,,,,,,,,,,,,,
Thane_Main,1723512,T007,3052471,1,,B,,,,A,,C,B,B,D,A,B,,C,B,B,A,D,C,D,C,,A,C,A,A,C,,C,C,,,D,C,,,,,,,,,,,,,C,D,,,,B,D,,,,,,,,,A,,A,,A,B,A,,,D,A,A,,,A,A,,,C,B,,,,A,,,,C,,,,,,,,,,,,,,,,,,,,,,,,,,,,,,,,,,,,,,,,,,,,,,,,,,,,,,,,,,,,,,,,,,,,,,,,,,,,,,,,,,,,,,,,,,,,,,,,,,,,,,,,,,,,,,,
Thane_Main,1723525,T007,3052471,1,,B,B,A,,A,,C,D,,D,*,A,C,C,D,B,,C,C,D,B,A,C,C,,,C,B,B,D,,A,D,A,D,,,,A,,A,D,,,,,D,,C,,D,,B,A,C,,D,,,A,B,A,*,,A,C,,C,,B,C,,,,A,A,B,,,C,,B,C,B,A,,,B,,C,,,,,,,,,,,,,,,,,,,,,,,,,,,,,,,,,,,,,,,,,,,,,,,,,,,,,,,,,,,,,,,,,,,,,,,,,,,,,,,,,,,,,,,,,,,,,,,,,,,,,,,,,,,,,,
Thane_Main,1723507,T007,3052471,1,,B,,,,A,,,B,B,D,A,B,,C,B,B,C,B,D,D,C,A,,C,A,,C,C,,,,,,D,,,,C,A,,*,,,,,A,C,D,A,,,B,D,A,D,D,,,,B,,A,,A,,D,C,C,,,D,A,C,,,A,A,,,C,B,,,,,,,,,,,,,,,,,,,,,,,,,,,,,,,,,,,,,,,,,,,,,,,,,,,,,,,,,,,,,,,,,,,,,,,,,,,,,,,,,,,,,,,,,,,,,,,,,,,,,,,,,,,,,,,,,,,,,,,
Thane_Main,1723550,T007,3052471,1,,B,B,A,C,A,A,D,D,B,D,A,B,C,C,A,B,B,D,C,D,B,B,,C,C,A,C,A,A,D,A,A,D,C,B,B,B,C,A,A,C,C,C,D,,A,D,C,C,,D,A,C,A,B,D,D,C,,C,B,C,B,A,,D,B,A,C,B,C,B,A,C,B,D,,A,B,C,A,A,D,B,A,,C,B,C,A,,,,,,,,,,,,,,,,,,,,,,,,,,,,,,,,,,,,,,,,,,,,,,,,,,,,,,,,,,,,,,,,,,,,,,,,,,,,,,,,,,,,,,,,,,,,,,,,,,,,,,,,,,,,,,
Thane_Main,1723549,T007,3052471,1,,B,,B,C,A,A,D,D,B,D,A,B,C,C,A,A,B,D,C,D,B,A,A,C,C,B,C,A,A,D,B,D,D,C,B,B,B,C,D,A,C,A,C,D,A,A,C,D,C,C,B,A,C,A,B,D,C,,B,B,B,A,B,A,*,D,B,A,C,B,C,,B,C,B,D,A,A,A,D,A,A,D,B,A,,B,B,C,A,,,,,,,,,,,,,,,,,,,,,,,,,,,,,,,,,,,,,,,,,,,,,,,,,,,,,,,,,,,,,,,,,,,,,,,,,,,,,,,,,,,,,,,,,,,,,,,,,,,,,,,,,,,,,,
Thane_Main,1723551,T007,3052471,1,,B,B,D,C,D,,C,D,B,D,A,B,C,C,A,A,C,B,C,D,B,A,C,C,A,C,C,A,A,D,D,D,D,C,B,B,A,C,D,A,B,A,B,D,,D,C,D,C,B,D,A,D,B,B,D,D,A,C,B,B,A,B,A,B,D,B,A,C,B,C,B,B,C,B,A,C,A,,C,A,A,A,B,A,A,B,B,C,,,,,,,,,,,,,,,,,,,,,,,,,,,,,,,,,,,,,,,,,,,,,,,,,,,,,,,,,,,,,,,,,,,,,,,,,,,,,,,,,,,,,,,,,,,,,,,,,,,,,,,,,,,,,,,
Vasai,1724551,T008,3052471,1,,B,C,D,,A,,B,,C,,,C,,B,,A,D,,C,B,,,,,,A,D,,,,,,,A,,A,A,B,D,A,A,,D,,,C,,,,D,B,A,,A,B,D,,,,A,,,,D,,,,B,,,,,A,C,A,C,,,A,,,,,,,,,D,C,,,,,,,,,,,,,,,,,,,,,,,,,,,,,,,,,,,,,,,,,,,,,,,,,,,,,,,,,,,,,,,,,,,,,,,,,,,,,,,,,,,,,,,,,,,,,,,,,,,,,,,,,,,,,,,
Vasai,1724546,T008,3052471,1,,C,,B,,,,,,,,,,,,,,,,,,,,,,,,,,,,A,,,,,D,,,,,,,,,,,,,,,,,,,,,,,,,,,,,,,,,,,,,,,,,,,,,,,,,,,,,,A,,,,,,,,,,,,,,,,,,,,,,,,,,,,,,,,,,,,,,,,,,,,,,,,,,,,,,,,,,,,,,,,,,,,,,,,,,,,,,,,,,,,,,,,,,,,,,,,,,,,,,,,,,,,,,
Vasai,1724544,T008,3052471,1,,C,,,,A,,B,,C,,,,,,,,,,,B,,,,,,,D,,,,,,,A,,A,A,B,D,A,A,B,D,,,C,,,,D,B,D,,A,B,D,,,,A,,,,D,,,,B,,,,,A,C,A,C,,,A,,,,,,D,,,D,C,,,,,,,,,,,,,,,,,,,,,,,,,,,,,,,,,,,,,,,,,,,,,,,,,,,,,,,,,,,,,,,,,,,,,,,,,,,,,,,,,,,,,,,,,,,,,,,,,,,,,,,,,,,,,,,
Vasai,1724541,T008,3052471,1,,C,C,B,C,B,A,D,B,D,A,,,,,,A,B,C,C,C,C,C,D,D,C,,,A,C,D,D,D,B,A,C,C,A,C,B,C,C,C,A,B,,B,C,,A,,,,,A,C,,,,,D,C,C,D,D,B,A,C,C,C,A,C,C,B,B,,,D,A,D,C,,B,,C,A,B,B,C,C,B,,,,,,,,,,,,,,,,,,,,,,,,,,,,,,,,,,,,,,,,,,,,,,,,,,,,,,,,,,,,,,,,,,,,,,,,,,,,,,,,,,,,,,,,,,,,,,,,,,,,,,,,,,,,,,
Vasai,1724540,T008,3052471,1,,C,,,,A,,C,,C,,,,,,,,,,,C,,,,D,,,D,,,,,,,A,,A,A,C,B,A,A,,D,,,C,,,,D,B,,,,,,C,,D,D,,,,,,,,,,,,,,,,,,,,,,,,,,,,,,,,,,,,,,,,,,,,,,,,,,,,,,,,,,,,,,,,,,,,,,,,,,,,,,,,,,,,,,,,,,,,,,,,,,,,,,,,,,,,,,,,,,,,,,,,,,,,,,,,,,,,,,,,,,,,
Vasai,1724558,T008,3052471,1,,,C,,,,B,D,,,,,D,,,,A,,C,,D,,,,,,,,B,,A,B,,,A,,D,,C,,D,B,,,D,C,D,C,D,A,A,,B,,A,A,D,C,A,D,B,,,,,,,,,,,,,,,,C,,,,,,,,,,,C,,,,,,,,,,,,,,,,,,,,,,,,,,,,,,,,,,,,,,,,,,,,,,,,,,,,,,,,,,,,,,,,,,,,,,,,,,,,,,,,,,,,,,,,,,,,,,,,,,,,,,,,,,,,,,,,,
Vasai,1724516,T008,3052471,1,,A,B,,A,,,,A,,,,,,A,,B,B,D,B,C,,,,B,,A,D,,,,,,,A,A,,,,,,B,,,,,,D,,,,D,A,D,,,,,,,A,,A,,A,,,B,A,,,,,,,C,,,,,,,,,,,,,D,C,,,,,,,,,,,,,,,,,,,,,,,,,,,,,,,,,,,,,,,,,,,,,,,,,,,,,,,,,,,,,,,,,,,,,,,,,,,,,,,,,,,,,,,,,,,,,,,,,,,,,,,,,,,,,,,
Vasai,1724528,T008,3052471,1,,B,,,,,,,A,,,,,,C,A,B,,D,C,D,,,,C,A,,,,,,,,,D,,,,C,,,C,D,,,C,C,,,,,,A,B,A,,,D,,A,D,,A,B,B,,B,B,A,C,B,,,C,,A,D,,C,,C,,,,,,,,,D,,,,,,,,,,,,,,,,,,,,,,,,,,,,,,,,,,,,,,,,,,,,,,,,,,,,,,,,,,,,,,,,,,,,,,,,,,,,,,,,,,,,,,,,,,,,,,,,,,,,,,,,,,,,,,,
Vasai,1724520,T008,3052471,1,,A,,,,,B,,A,C,B,D,B,C,C,B,B,,B,C,D,,B,C,C,,B,C,,,,,,,C,B,C,,C,C,A,C,C,,D,,A,C,C,C,,D,A,C,A,D,,C,,,D,,A,B,,B,,B,A,,B,,,D,C,C,,,D,,C,,,D,,A,,,,C,B,,,,,,,,,,,,,,,,,,,,,,,,,,,,,,,,,,,,,,,,,,,,,,,,,,,,,,,,,,,,,,,,,,,,,,,,,,,,,,,,,,,,,,,,,,,,,,,,,,,,,,,,,,,,,,
Vasai,1724553,T008,3052471,1,,A,,B,D,C,,,A,D,,,B,,,,A,,D,C,D,,,,C,D,,,,,,B,D,,C,,B,A,C,,,C,,B,,,D,,,A,,D,A,C,A,,D,,,,B,,A,B,,,,,A,,,,,,C,,B,,D,,,,,,,,,,,,A,,,,,,,,,,,,,,,,,,,,,,,,,,,,,,,,,,,,,,,,,,,,,,,,,,,,,,,,,,,,,,,,,,,,,,,,,,,,,,,,,,,,,,,,,,,,,,,,,,,,,,,,,,,,,,
Vasai,1724515,T008,3052471,1,,B,C,B,,,B,B,,C,C,D,B,C,C,D,,B,D,C,D,B,B,C,C,,C,C,B,,A,B,A,A,B,A,C,,B,,,A,B,,D,,A,C,,,D,B,B,C,A,,D,C,D,D,B,D,A,B,A,C,,B,A,,B,A,B,B,D,C,,,A,C,C,,B,C,B,C,,B,,,C,,,,,,,,,,,,,,,,,,,,,,,,,,,,,,,,,,,,,,,,,,,,,,,,,,,,,,,,,,,,,,,,,,,,,,,,,,,,,,,,,,,,,,,,,,,,,,,,,,,,,,,,,,,,,,
Vasai,1724548,T008,3052471,1,,,B,,,,,D,,,D,,B,D,C,,B,,B,,D,B,A,C,C,,,,,,,,,D,,,,,,,A,,,,D,,D,C,,C,,D,B,B,A,B,,,,,B,,A,B,,,,,A,,,,,,,B,A,,,,,,A,,,,,,B,C,A,,,,,,,,,,,,,,,,,,,,,,,,,,,,,,,,,,,,,,,,,,,,,,,,,,,,,,,,,,,,,,,,,,,,,,,,,,,,,,,,,,,,,,,,,,,,,,,,,,,,,,,,,,,,,,
Vasai,1724550,T008,3052471,1,,,B,,,,,D,,,,,B,,D,,B,,,C,D,,,,,,A,,,,,,,,D,,,,,,A,,,,,,D,,D,,,,,,,,D,D,,B,,,A,B,,,,B,A,,,,,A,B,B,A,,,,C,A,B,,,,,B,B,C,A,,,,,,,,,,,,,,,,,,,,,,,,,,,,,,,,,,,,,,,,,,,,,,,,,,,,,,,,,,,,,,,,,,,,,,,,,,,,,,,,,,,,,,,,,,,,,,,,,,,,,,,,,,,,,,
Vasai,1724510,T008,3052471,1,,C,B,,,,,B,A,,,,B,,,,B,B,,,B,,,D,C,,B,C,,,A,,,,A,D,,B,C,C,,C,C,,,,,C,D,C,,D,C,B,,,D,D,,D,C,,,,D,,D,,A,,,,,,C,C,A,C,D,,C,B,,,,,,,,C,,,,,,,,,,,,,,,,,,,,,,,,,,,,,,,,,,,,,,,,,,,,,,,,,,,,,,,,,,,,,,,,,,,,,,,,,,,,,,,,,,,,,,,,,,,,,,,,,,,,,,,,,,,,,,,
Vasai,1724531,T008,3052471,1,,B,B,A,,C,,A,A,B,A,B,B,A,D,B,B,B,B,C,D,A,,D,C,,B,D,,A,,,,D,C,,,,C,,B,B,,,,,D,C,,C,,D,B,C,,C,,C,,,B,C,A,*,A,D,A,A,A,,B,,,,A,B,A,A,,B,,,,D,,,,B,C,C,B,,,,,,,,,,,,,,,,,,,,,,,,,,,,,,,,,,,,,,,,,,,,,,,,,,,,,,,,,,,,,,,,,,,,,,,,,,,,,,,,,,,,,,,,,,,,,,,,,,,,,,,,,,,,,,
Vasai,1724536,T008,3052471,1,,B,B,A,D,,,,C,C,A,,B,,,,D,,,C,C,,,,C,,,,,,,,,,,B,A,C,B,,A,B,B,,,,D,C,,C,,D,A,A,A,,D,D,,,B,C,A,B,,,A,B,A,,,,,A,,A,A,A,,,,,,,,,,B,,C,,,,,,,,,,,,,,,,,,,,,,,,,,,,,,,,,,,,,,,,,,,,,,,,,,,,,,,,,,,,,,,,,,,,,,,,,,,,,,,,,,,,,,,,,,,,,,,,,,,,,,,,,,,,,,,
Vasai,1724556,T008,3052471,1,,B,B,A,,,,,A,,,,A,,D,,,,,A,,,,,C,C,C,C,,B,,,,,,,A,C,B,,A,,,,,,,A,B,,,,A,B,A,,D,,,,,,A,B,A,,A,A,B,,,,,A,B,B,A,,D,B,A,,C,,,,,,,C,C,,,,,,,,,,,,,,,,,,,,,,,,,,,,,,,,,,,,,,,,,,,,,,,,,,,,,,,,,,,,,,,,,,,,,,,,,,,,,,,,,,,,,,,,,,,,,,,,,,,,,,,,,,,,,,
Vasai,1724539,T008,3052471,1,,B,,A,,C,A,,A,C,A,,A,,D,,,,,C,D,,A,,,,,C,,,,A,,,B,,,,C,,A,,D,,,,,A,B,,,,,,,,,,,D,B,,,,A,,,,,,,,,D,,,A,,D,,,,C,,,,,,,,,,,,,,,,,,,,,,,,,,,,,,,,,,,,,,,,,,,,,,,,,,,,,,,,,,,,,,,,,,,,,,,,,,,,,,,,,,,,,,,,,,,,,,,,,,,,,,,,,,,,,,,,,,,,,,
Vasai,1724561,T008,3052471,1,,A,,A,,,,A,D,,,,,,,,B,,C,B,A,,,,,,C,,,,,,,,A,,,,B,,,,,,,,,A,D,,,,A,,B,,D,,,A,B,,A,,,,D,,,,,,,,,A,C,B,,,C,C,C,,,,,,,B,,,,,,,,,,,,,,,,,,,,,,,,,,,,,,,,,,,,,,,,,,,,,,,,,,,,,,,,,,,,,,,,,,,,,,,,,,,,,,,,,,,,,,,,,,,,,,,,,,,,,,,,,,,,,,,
Vasai,1724511,T008,3052471,1,,B,D,D,,,C,A,,,,,C,,,,A,,D,A,,,,,,,A,C,B,,,A,,,A,A,,,C,,A,,,,D,,,,D,A,,,D,B,A,B,D,,,,B,,,B,D,,,C,D,,,,,A,,B,,,C,,,,B,,,,,A,,,,,,,,,,,,,,,,,,,,,,,,,,,,,,,,,,,,,,,,,,,,,,,,,,,,,,,,,,,,,,,,,,,,,,,,,,,,,,,,,,,,,,,,,,,,,,,,,,,,,,,,,,,,,,,,,
Vasai,1724547,T008,3052471,1,,,,,,,,,,,,,,,D,,,,,,D,,,,,,,C,,,,,A,D,,,,,,,B,C,,,D,,D,,C,B,,D,B,,A,B,,C,,,,,A,B,D,,D,,A,,,,,,C,,A,,,,,,,,,,,,,,,,,,,,,,,,,,,,,,,,,,,,,,,,,,,,,,,,,,,,,,,,,,,,,,,,,,,,,,,,,,,,,,,,,,,,,,,,,,,,,,,,,,,,,,,,,,,,,,,,,,,,,,,,,,,,
Ghatkopar,1715542,T009,3052471,1,,B,A,D,D,D,,A,A,C,D,A,,,C,A,B,D,A,C,D,B,,,C,,B,D,A,,,,,,A,,,,A,A,B,B,C,C,D,,D,C,C,C,,B,D,,A,,D,C,,,D,B,A,B,A,A,B,B,A,C,B,C,B,B,C,A,A,A,A,D,C,A,A,D,,A,A,D,B,C,C,,,,,,,,,,,,,,,,,,,,,,,,,,,,,,,,,,,,,,,,,,,,,,,,,,,,,,,,,,,,,,,,,,,,,,,,,,,,,,,,,,,,,,,,,,,,,,,,,,,,,,,,,,,,,,
Matunga,1717551,T005,3052471,1,,D,B,,D,,B,,D,,,,B,,C,D,B,B,,C,C,,,C,C,,C,C,,,,A,,B,A,,,,,A,A,C,A,,,,D,D,B,,,D,C,D,A,,,D,A,,,,C,,,,C,A,B,,B,,,D,,A,,,,,A,,,,,,B,,,B,,,,,,,,,,,,,,,,,,,,,,,,,,,,,,,,,,,,,,,,,,,,,,,,,,,,,,,,,,,,,,,,,,,,,,,,,,,,,,,,,,,,,,,,,,,,,,,,,,,,,,,,,,,,,,,
Matunga,1717548,T005,3052471,1,,,,C,,,,A,A,D,B,C,A,C,,,D,*,B,,A,,,,C,,,,,,,,,A,,,,,,,,,,,D,,A,,A,,C,,B,,D,,,,,,,C,B,,,D,,,,,,,,,,,B,,,,,,D,*,A,,,A,,C,,,,,,,,,,,,,,,,,,,,,,,,,,,,,,,,,,,,,,,,,,,,,,,,,,,,,,,,,,,,,,,,,,,,,,,,,,,,,,,,,,,,,,,,,,,,,,,,,,,,,,,,,,,,,,,
Matunga,1717545,T005,3052471,1,,C,D,,,,,,,,,,,,C,,B,,C,,D,,,A,C,,,C,D,,,,,,,,,,C,,,,,,,,,D,,,,,,,,,,D,,,,,A,B,C,,,B,A,,,,,,,,A,,A,,,,,,,,,,,,,,,,,,,,,,,,,,,,,,,,,,,,,,,,,,,,,,,,,,,,,,,,,,,,,,,,,,,,,,,,,,,,,,,,,,,,,,,,,,,,,,,,,,,,,,,,,,,,,,,,,,,,,,,,,,
Matunga,1717544,T005,3052471,1,,C,B,,,,,B,,C,B,,B,,C,,D,,D,A,C,,,C,,,,A,,,,,,,D,,A,,C,A,B,A,,,,,,,C,,,,,A,B,D,,,C,,C,,,A,,C,C,,A,,,,,A,,A,C,,,A,,,,B,,,,A,,D,,,,,,,,,,,,,,,,,,,,,,,,,,,,,,,,,,,,,,,,,,,,,,,,,,,,,,,,,,,,,,,,,,,,,,,,,,,,,,,,,,,,,,,,,,,,,,,,,,,,,,,,,,,,,,,
Matunga,1717543,T005,3052471,1,,C,B,B,,D,D,A,C,,A,,,,,B,D,C,,A,C,,,D,C,,B,C,,A,,,,D,D,,,,C,,B,B,A,,D,,C,B,,C,,,B,,C,C,,C,,B,B,,,B,,,,A,,,,,,,C,A,A,,,,,B,,,,,,,C,C,C,,,,,,,,,,,,,,,,,,,,,,,,,,,,,,,,,,,,,,,,,,,,,,,,,,,,,,,,,,,,,,,,,,,,,,,,,,,,,,,,,,,,,,,,,,,,,,,,,,,,,,,,,,,,,,
Matunga,1717542,T005,3052471,1,,C,B,B,,A,,,A,B,B,C,A,C,C,A,,,,,,,,,C,,,,,,,,A,,,,,,,,,,,,D,,A,,A,,C,,B,,D,,,,,,B,,,,,,,,,,,,,,,,C,,,,,D,,,,,,,,,,,,,,,,,,,,,,,,,,,,,,,,,,,,,,,,,,,,,,,,,,,,,,,,,,,,,,,,,,,,,,,,,,,,,,,,,,,,,,,,,,,,,,,,,,,,,,,,,,,,,,,,,,,,,,,
Matunga,1717539,T005,3052471,1,,A,D,D,,,,B,A,A,B,,C,C,C,B,A,,,A,D,,,,,,B,,C,A,,,,,,,C,B,C,A,B,,,D,,,,,D,,D,,C,A,,,D,A,,D,,A,A,,,D,D,A,,,C,,,,,A,,,,,,,,,,,,,C,A,,,,,,,,,,,,,,,,,,,,,,,,,,,,,,,,,,,,,,,,,,,,,,,,,,,,,,,,,,,,,,,,,,,,,,,,,,,,,,,,,,,,,,,,,,,,,,,,,,,,,,,,,,,,,,,
Matunga,1717537,T005,3052471,1,,C,B,B,,A,,,A,B,B,C,B,C,C,,,,,C,C,,,,B,,,,,C,,,,A,,,,,C,,C,,B,B,D,,C,,,,C,,B,,D,,,A,,,B,C,A,C,,,C,C,B,,C,,,B,D,B,,,,,,A,,,,,,,,C,,,,,,,,,,,,,,,,,,,,,,,,,,,,,,,,,,,,,,,,,,,,,,,,,,,,,,,,,,,,,,,,,,,,,,,,,,,,,,,,,,,,,,,,,,,,,,,,,,,,,,,,,,,,,,,
Matunga,1717536,T005,3052471,1,,,,,,,D,B,B,,,,B,,,B,B,A,A,,D,B,B,,C,,B,C,,,,A,,,,,,,D,,D,D,C,,D,,,,C,B,A,,A,A,,,,,,,C,,A,,,,,,,,,,,B,,C,,B,,B,,C,,B,,,,C,,C,,,,,,,,,,,,,,,,,,,,,,,,,,,,,,,,,,,,,,,,,,,,,,,,,,,,,,,,,,,,,,,,,,,,,,,,,,,,,,,,,,,,,,,,,,,,,,,,,,,,,,,,,,,,,,,
Matunga,1717535,T005,3052471,1,,D,C,C,,A,,,A,B,B,C,A,C,C,A,,,,,,,,,,,,,,,,,A,,,,,,,,,,A,,D,,C,,A,,,,,,,,,,,,,,,,,,,,B,,,,A,,,A,,,,,,D,,,,,,,,D,,,,,,,,,,,,,,,,,,,,,,,,,,,,,,,,,,,,,,,,,,,,,,,,,,,,,,,,,,,,,,,,,,,,,,,,,,,,,,,,,,,,,,,,,,,,,,,,,,,,,,,,,,,,,,,
Matunga,1717534,T005,3052471,1,,,,D,B,,,A,,C,B,,,,,A,,,C,A,B,,,C,D,,,,,,,,,,D,,A,,B,A,B,,,,,,,,,,,,,,B,,B,,,,C,,,A,,C,,,A,,,,,A,,,,,,A,,,,B,,,,A,,,,,,,,,,,,,,,,,,,,,,,,,,,,,,,,,,,,,,,,,,,,,,,,,,,,,,,,,,,,,,,,,,,,,,,,,,,,,,,,,,,,,,,,,,,,,,,,,,,,,,,,,,,,,,,,,
Matunga,1717533,T005,3052471,1,,B,,,,,,,D,,,,C,,A,,D,,A,C,D,,,,C,,,C,,,,,,,B,,,,,D,D,,,D,,,,,,,,,A,A,,,,,,,,,,,,,B,,A,,,,,,,C,A,,,,B,,,,,D,,,,C,,,,,,,,,,,,,,,,,,,,,,,,,,,,,,,,,,,,,,,,,,,,,,,,,,,,,,,,,,,,,,,,,,,,,,,,,,,,,,,,,,,,,,,,,,,,,,,,,,,,,,,,,,,,,,,
Matunga,1717531,T005,3052471,1,,C,,A,D,A,D,,A,D,A,,B,,C,,B,B,B,C,D,,,,C,C,B,D,,,A,,D,,D,,C,B,C,C,B,B,,B,D,,D,,C,A,,C,A,A,,,,,,,A,C,A,B,,D,C,C,,C,,,,C,,,A,,,,B,,,,A,,,,,C,,,,,,,,,,,,,,,,,,,,,,,,,,,,,,,,,,,,,,,,,,,,,,,,,,,,,,,,,,,,,,,,,,,,,,,,,,,,,,,,,,,,,,,,,,,,,,,,,,,,,,,,,,,,,,,
Matunga,1717530,T005,3052471,1,,,B,D,B,B,,A,,B,B,,,,,A,,,C,D,D,,,,,,,,,,,,,,D,,A,,B,A,B,B,,,C,,,C,B,B,B,,,,B,B,D,B,A,C,C,,,A,B,C,,C,A,,,,,A,,A,,,,A,,B,A,B,B,B,C,A,C,A,B,,,,,,,,,,,,,,,,,,,,,,,,,,,,,,,,,,,,,,,,,,,,,,,,,,,,,,,,,,,,,,,,,,,,,,,,,,,,,,,,,,,,,,,,,,,,,,,,,,,,,,,,,,,,,,
Matunga,1717528,T005,3052471,1,,C,B,B,,A,,,A,B,B,C,A,C,C,A,B,C,,C,D,,,,,,,,,,,,A,,D,,,,C,A,C,B,,,D,,C,D,,C,C,D,,C,A,C,D,C,,,B,,A,,A,,,,,,,,,,D,C,C,B,C,,C,,A,,,,,,,,,,,,,,,,,,,,,,,,,,,,,,,,,,,,,,,,,,,,,,,,,,,,,,,,,,,,,,,,,,,,,,,,,,,,,,,,,,,,,,,,,,,,,,,,,,,,,,,,,,,,,,,,,,,,,,
Matunga,1717526,T005,3052471,1,,C,D,B,,C,,,A,B,A,B,,C,D,A,B,C,D,C,D,,,,C,,C,D,A,D,D,,A,,D,C,A,,C,D,A,C,B,,D,,A,D,B,C,,D,B,C,A,C,D,C,,,A,,A,B,A,D,C,B,A,C,,,,,,,C,A,,,C,B,A,,,,,B,D,,B,,,,,,,,,,,,,,,,,,,,,,,,,,,,,,,,,,,,,,,,,,,,,,,,,,,,,,,,,,,,,,,,,,,,,,,,,,,,,,,,,,,,,,,,,,,,,,,,,,,,,,,,,,,,,,
Aundh,1721523,T019,3052471,1,,,,,,,,,,C,C,D,B,,A,,,,,B,D,A,,,B,,,C,,,,,,,,,A,,B,A,B,,,,,,A,,,A,,,B,B,,,,,,,,,A,,D,,,,B,,,,,,,A,,,,,,,,,,C,,,,,,,,,,,,,,,,,,,,,,,,,,,,,,,,,,,,,,,,,,,,,,,,,,,,,,,,,,,,,,,,,,,,,,,,,,,,,,,,,,,,,,,,,,,,,,,,,,,,,,,,,,,,,,,,,,,
Aundh,1721511,T019,3052471,1,,,B,A,C,B,B,D,D,,,,B,,A,C,A,B,D,C,B,B,C,,C,,B,C,,B,A,C,,,D,,,C,A,,,B,,,,,,,D,,C,,,A,A,,,,B,,B,C,,,A,B,,B,B,,A,,,C,D,,A,D,,C,,,C,,B,,,,,B,,,,,,,,,,,,,,,,,,,,,,,,,,,,,,,,,,,,,,,,,,,,,,,,,,,,,,,,,,,,,,,,,,,,,,,,,,,,,,,,,,,,,,,,,,,,,,,,,,,,,,,,,,,,,,,
Aundh,1721505,T019,3052471,1,,A,C,A,,,C,A,C,A,D,C,B,C,A,B,D,D,C,D,A,,,,A,,,,B,A,,,,,,,,,,,,,,,,,,,,,,,,,,,,,,,,,A,B,,C,,B,A,,,C,,B,,A,A,A,B,,C,,,A,,,A,,,C,,,,,,,,,,,,,,,,,,,,,,,,,,,,,,,,,,,,,,,,,,,,,,,,,,,,,,,,,,,,,,,,,,,,,,,,,,,,,,,,,,,,,,,,,,,,,,,,,,,,,,,,,,,,,,,
Aundh,1721522,T019,3052471,1,,B,A,C,,,,,B,,,,,,,C,A,,,C,,,,,,,,,C,,,,A,,,,,C,,,,,B,,C,,,,,,B,,,,,,C,C,,,B,,,,,B,,,,,,,,C,,,,,,,,,,A,C,,,,A,,D,,,,,,,,,,,,,,,,,,,,,,,,,,,,,,,,,,,,,,,,,,,,,,,,,,,,,,,,,,,,,,,,,,,,,,,,,,,,,,,,,,,,,,,,,,,,,,,,,,,,,,,,,,,,,,
Aundh,1721507,T019,3052471,1,,B,B,B,B,B,B,B,B,C,A,A,B,D,B,C,D,A,C,D,D,D,C,C,C,C,C,C,B,B,B,D,D,D,D,D,A,A,A,A,A,D,D,D,D,B,B,B,B,B,D,C,C,C,C,C,A,A,A,A,A,D,A,C,D,B,C,C,A,C,C,C,D,C,A,A,A,A,A,B,B,B,B,B,B,B,B,C,D,C,B,,,,,,,,,,,,,,,,,,,,,,,,,,,,,,,,,,,,,,,,,,,,,,,,,,,,,,,,,,,,,,,,,,,,,,,,,,,,,,,,,,,,,,,,,,,,,,,,,,,,,,,,,,,,,,
Aundh,1721512,T019,3052471,1,,D,B,C,D,A,C,B,C,A,A,D,B,C,B,D,C,A,A,C,B,D,B,B,C,D,A,A,C,D,A,B,C,A,B,D,D,A,C,C,A,A,D,A,B,D,C,C,B,B,D,A,D,B,D,D,D,B,B,C,A,A,A,C,B,D,C,A,D,B,B,A,B,D,B,C,D,D,A,B,C,C,A,D,B,A,D,C,C,C,B,,,,,,,,,,,,,,,,,,,,,,,,,,,,,,,,,,,,,,,,,,,,,,,,,,,,,,,,,,,,,,,,,,,,,,,,,,,,,,,,,,,,,,,,,,,,,,,,,,,,,,,,,,,,,,
Aundh,1721503,T019,3052471,1,,D,C,C,C,,,B,,,C,,B,,B,A,C,,C,C,B,,,D,,C,C,,A,,,A,,,B,A,A,B,A,A,A,A,,A,,,D,C,A,,A,,A,,C,C,D,,D,,B,,A,,C,,B,,A,,B,D,D,,,C,C,,,D,A,C,D,A,A,,,C,,C,B,,,,,,,,,,,,,,,,,,,,,,,,,,,,,,,,,,,,,,,,,,,,,,,,,,,,,,,,,,,,,,,,,,,,,,,,,,,,,,,,,,,,,,,,,,,,,,,,,,,,,,,,,,,,,,
Andheri west,1711501,T001,3052471,1,,,B,,D,B,,B,C,,A,,B,D,A,B,,,B,C,D,,B,,C,C,,B,A,C,A,,C,,A,,B,,C,B,B,B,C,,C,,B,,A,C,B,D,B,,A,,D,,C,A,B,,A,,B,,D,B,C,,,D,B,,C,,C,,,,,,,C,,B,,B,,C,B,,,,,,,,,,,,,,,,,,,,,,,,,,,,,,,,,,,,,,,,,,,,,,,,,,,,,,,,,,,,,,,,,,,,,,,,,,,,,,,,,,,,,,,,,,,,,,,,,,,,,,,,,,,,,,
Andheri west,1711504,T001,3052471,1,,B,,,,,,,A,D,,,,D,C,,A,,B,C,D,,,D,C,,,,,,,,,D,,,C,B,C,,B,C,C,,,,A,D,,C,,D,A,,,C,D,,,,,,A,B,,,A,,A,,C,,,,C,,A,,,,,,,,,,,,,C,,,,,,,,,,,,,,,,,,,,,,,,,,,,,,,,,,,,,,,,,,,,,,,,,,,,,,,,,,,,,,,,,,,,,,,,,,,,,,,,,,,,,,,,,,,,,,,,,,,,,,,,,,,,,,,
Andheri west,1711506,T001,3052471,1,,,B,,,,,,C,B,B,C,B,,A,,C,B,,C,C,,,,C,,A,C,,,,,A,,,B,,,A,,,C,,,,,,,,C,,D,A,,A,,D,,,,A,,,,A,,,B,A,,,,,,,A,,,,C,,,,,,A,,C,,C,,,,,,,,,,,,,,,,,,,,,,,,,,,,,,,,,,,,,,,,,,,,,,,,,,,,,,,,,,,,,,,,,,,,,,,,,,,,,,,,,,,,,,,,,,,,,,,,,,,,,,,,,,,,,,,
Andheri west,1711508,T001,3052471,1,,B,,,,A,,,A,B,D,A,B,,C,*,B,,D,C,D,B,A,,C,C,C,C,,,,,,,,,C,,,,,,,,,,D,D,,C,,,A,,,,D,,,,A,,A,B,A,,B,,,,,,,,,,,,,,,,,,,A,,D,,,,,,,,,,,,,,,,,,,,,,,,,,,,,,,,,,,,,,,,,,,,,,,,,,,,,,,,,,,,,,,,,,,,,,,,,,,,,,,,,,,,,,,,,,,,,,,,,,,,,,,,,,,,,,,,,
Andheri west,1711510,T001,3052471,1,,,,,,,,D,,,,,A,,C,,D,,,A,D,,,C,C,,,C,,,,B,D,,A,B,C,B,A,C,B,C,D,B,A,A,A,D,D,C,B,D,B,D,A,B,D,C,A,C,A,,C,,,,,A,A,,,,,,,,A,,,,,,,,,,,,,C,,,,,,,,,,,,,,,,,,,,,,,,,,,,,,,,,,,,,,,,,,,,,,,,,,,,,,,,,,,,,,,,,,,,,,,,,,,,,,,,,,,,,,,,,,,,,,,,,,,,,,,,,,,,,,,
Andheri west,1711511,T001,3052471,1,,C,D,B,A,B,B,B,D,D,C,B,B,A,A,C,A,C,B,D,B,A,B,D,C,A,B,B,D,C,A,A,C,D,B,A,C,B,C,D,B,A,D,A,C,B,C,B,C,D,B,A,A,A,C,B,C,D,A,C,B,D,B,A,B,C,D,C,A,C,B,A,D,B,D,C,A,B,C,C,C,D,C,B,C,B,C,A,D,C,B,,,,,,,,,,,,,,,,,,,,,,,,,,,,,,,,,,,,,,,,,,,,,,,,,,,,,,,,,,,,,,,,,,,,,,,,,,,,,,,,,,,,,,,,,,,,,,,,,,,,,,,,,,,,,,
Andheri west,1711512,T001,3052471,1,,C,,,,,,,,B,A,B,B,,C,,,,,C,D,,,,C,,,C,,,,,,,,B,C,,B,,B,C,,,,,D,B,,C,,C,C,A,A,,,,,,A,,A,B,A,,A,,A,,,,,B,,,A,,,,,C,,,,A,,,,C,,,,,,,,,,,,,,,,,,,,,,,,,,,,,,,,,,,,,,,,,,,,,,,,,,,,,,,,,,,,,,,,,,,,,,,,,,,,,,,,,,,,,,,,,,,,,,,,,,,,,,,,,,,,,,,
Andheri west,1711514,T001,3052471,1,,B,D,A,C,D,A,C,A,C,D,B,C,A,A,C,A,D,C,A,B,D,A,C,A,D,B,C,C,A,C,A,C,C,A,B,D,A,C,A,D,A,C,D,A,C,B,B,D,A,C,B,A,C,B,D,A,D,C,C,A,C,A,B,D,A,C,D,A,D,A,D,C,B,A,D,C,A,C,B,D,A,D,C,B,A,C,D,A,B,C,,,,,,,,,,,,,,,,,,,,,,,,,,,,,,,,,,,,,,,,,,,,,,,,,,,,,,,,,,,,,,,,,,,,,,,,,,,,,,,,,,,,,,,,,,,,,,,,,,,,,,,,,,,,,,
Andheri west,1711517,T001,3052471,1,,B,,,,,,B,D,B,D,A,B,C,C,A,A,,A,C,D,A,,,,,,C,,A,,,,B,C,,A,C,C,A,B,C,,,,,D,C,A,C,D,D,A,C,A,,D,B,,B,B,,A,,,,,B,A,,,,,A,,C,A,,,,,,,,,,,C,B,C,,,,,,,,,,,,,,,,,,,,,,,,,,,,,,,,,,,,,,,,,,,,,,,,,,,,,,,,,,,,,,,,,,,,,,,,,,,,,,,,,,,,,,,,,,,,,,,,,,,,,,,,,,,,,,,
Andheri west,1711519,T001,3052471,1,,,B,,,D,,B,B,,,,B,C,C,,A,,,,D,,,,,,,A,,,,,A,D,A,,,,D,,B,D,B,,,,A,,,C,,D,A,,A,,,C,,,C,,A,B,B,B,,C,A,,B,C,C,B,C,A,A,,A,,,,,,,B,,,,C,,,,,,,,,,,,,,,,,,,,,,,,,,,,,,,,,,,,,,,,,,,,,,,,,,,,,,,,,,,,,,,,,,,,,,,,,,,,,,,,,,,,,,,,,,,,,,,,,,,,,,,,,,,,,,,
Andheri west,1711520,T001,3052471,1,,C,B,,,,,,,B,C,D,B,,C,D,B,B,,C,D,B,A,,C,,A,C,A,,D,,C,D,,,,,C,,,C,,,D,,,C,,,,,,,,,,D,,,A,B,A,B,A,,A,B,A,C,B,,,,,,,,A,,,,,,,,,,,,,,,,,,,,,,,,,,,,,,,,,,,,,,,,,,,,,,,,,,,,,,,,,,,,,,,,,,,,,,,,,,,,,,,,,,,,,,,,,,,,,,,,,,,,,,,,,,,,,,,,,,,,,,,,,,
Andheri west,1711521,T001,3052471,1,,A,,B,D,A,,D,A,D,D,D,B,,*,B,B,B,B,B,D,A,,,C,,B,C,,,,,A,,,,,B,C,,A,B,A,C,A,,A,C,,C,,D,A,C,A,,,D,,,A,C,A,B,,,A,C,A,C,B,,,,,,A,,,,,,,,,C,,,,C,,,,,,,,,,,,,,,,,,,,,,,,,,,,,,,,,,,,,,,,,,,,,,,,,,,,,,,,,,,,,,,,,,,,,,,,,,,,,,,,,,,,,,,,,,,,,,,,,,,,,,,,,,,,,,,
Andheri west,1711522,T001,3052471,1,,B,D,C,A,C,D,B,D,A,C,D,A,B,D,C,A,D,B,C,,,,,,,,,,,,,,,,,,,,,,C,A,D,B,D,A,C,B,D,,B,,,,,,,,,,,,,,,,,,,,,,,,,,,,,,,,,,,,,,,,,,,,,,,,,,,,,,,,,,,,,,,,,,,,,,,,,,,,,,,,,,,,,,,,,,,,,,,,,,,,,,,,,,,,,,,,,,,,,,,,,,,,,,,,,,,,,,,,,,,,,,,,,,,,,
Andheri west,1711523,T001,3052471,1,,,D,,,,,,,B,A,B,B,,C,,A,,D,C,D,,,,C,,B,C,,,,,,,D,B,,,A,,A,,,,D,,A,,,C,D,D,A,,,B,,D,,,,,A,B,A,,A,B,A,C,,,,,,B,C,,,,B,,,,,,,,,C,,,,,,,,,,,,,,,,,,,,,,,,,,,,,,,,,,,,,,,,,,,,,,,,,,,,,,,,,,,,,,,,,,,,,,,,,,,,,,,,,,,,,,,,,,,,,,,,,,,,,,,,,,,,,,,
Andheri west,1711524,T001,3052471,1,,,,,,,,B,,,,,,,,,B,,,,,D,,,,,,,,,,,,,B,A,C,C,C,D,A,B,D,B,D,D,D,C,C,C,A,D,C,B,D,B,D,B,D,B,A,,,,,B,,,,,,,,C,,,,,,,,,,,A,,,C,,,,,,,,,,,,,,,,,,,,,,,,,,,,,,,,,,,,,,,,,,,,,,,,,,,,,,,,,,,,,,,,,,,,,,,,,,,,,,,,,,,,,,,,,,,,,,,,,,,,,,,,,,,,,,,,,
Andheri west,1711531,T001,3052471,1,,D,,,,D,,A,A,B,D,A,A,,C,,B,B,C,C,B,B,A,C,C,,C,C,,,,,,B,A,,,,D,A,,C,C,,D,,A,D,,C,,D,B,D,D,,D,,,,C,,A,D,,,A,B,A,,,,,A,,A,,,,,C,C,,,,,,,,,,,,,,,,,,,,,,,,,,,,,,,,,,,,,,,,,,,,,,,,,,,,,,,,,,,,,,,,,,,,,,,,,,,,,,,,,,,,,,,,,,,,,,,,,,,,,,,,,,,,,,,,,,,,,,,
